ostta15g02860	1
ostta06g01150	0.980864739944576
ostta18g00510	0.976922614042433
ostta16g02440	0.9670841584111
ostta01g01020	0.961803110575185
ostta17g01180	0.952371279330639
ostta03g03170	0.946518029285758
ostta05g04910	0.940647292936037
ostta17g01270	0.934875491324588
ostta18g00330	0.93461727650656
ostta02g02700	0.924704015238887
ostta03g01600	0.923158491373399
ostta08g02600	0.921092399375348
ostta06g01790	0.918987865396816
ostta14g00010	0.918265231613148
ostta13g02230	0.916619108555295
ostta13g02460	0.915977600323822
ostta10g01180	0.915938749342076
ostta16g00405	0.915729803963674
ostta05g01760	0.914513756464357
ostta01g02650	0.912167781948338
ostta02g01960	0.910957923400613
ostta14g00930	0.910213571750973
ostta05g04670	0.909704552496053
ostta02g02270	0.909526349155225
ostta13g00540	0.908003340247659
ostta01g05320	0.906477001162314
ostta07g03380	0.905422096030525
ostta02g03400	0.904687699622715
ostta08g02920	0.899599977544308
ostta07g03230	0.89899354626692
ostta12g02180	0.896547974027657
ostta06g02970	0.896413106964357
ostta05g00150	0.895843844071417
ostta03g00290	0.895804753889593
ostta02g05230	0.895418928764172
ostta02g01610	0.893356791964535
ostta17g00067	0.892981341634776
ostta09g02610	0.892359123262514
ostta04g03520	0.891641760964648
ostta09g00040	0.891251172724915
ostta06g04200	0.889430143983415
ostta01g03040	0.88925894350506
ostta05g02070	0.888890110446691
ostta07g00430	0.88347808972783
ostta12g02450	0.883344499420576
ostta16g01270	0.882285936433648
ostta08g01130	0.882256036525473
ostta01g03390	0.880929943535204
ostta08g00630	0.880671097571474
ostta05g02900	0.879890333500334
ostta15g02260	0.878350805054423
ostta18g01550	0.877002575703064
ostta09g02550	0.87628950091218
ostta01g05030	0.876204634718467
ostta06g02200	0.875005091931658
ostta17g02180	0.874053880164699
ostta06g01530	0.873874125829646
ostta07g01340	0.872771559837851
ostta08g02960	0.871745505243207
ostta15g02010	0.869497567315752
ostta09g04010	0.869178463559965
ostta02g00810	0.869099493803329
ostta02g03350	0.867454275312957
ostta09g00860	0.866391156177835
ostta09g00120	0.864404355324186
ostta14g02235	0.862493022388219
ostta04g02970	0.860574730514306
ostta06g02270	0.859807218579842
ostta18g01700	0.859648822520829
ostta05g03130	0.857804490161306
ostta12g00030	0.855191461976481
ostta06g04240	0.85469982255594
ostta15g02760	0.854141694269137
ostta18g00480	0.85305720838056
ostta02g02020	0.85299392944504
ostta04g01760	0.850887473262771
ostta03g01690	0.85067255427477
ostta08g03660	0.850386846060506
ostta07g01940	0.848055195388574
ostta03g03520	0.846407769097825
ostta14g02970	0.846349052029384
ostta17g01870	0.846014170093323
ostta03g00450	0.841478856615152
ostta06g01830	0.841248492480634
ostta11g02160	0.841004735388111
ostta12g02920	0.840503732877012
ostta09g00050	0.837660866359278
ostta06g02720	0.836680313870378
ostta10g02630	0.836673769414904
ostta03g00220	0.836580933561484
ostta01g02390	0.836243608249626
ostta10g01920	0.836199986005612
ostta04g03270	0.835824202095718
ostta11g02770	0.835292000374028
ostta14g02770	0.834840609713818
ostta10g03070	0.834759278129455
ostta17g00065	0.834132095600924
ostta03g05410	0.833246861363814
ostta05g02600	0.832684334468753
ostta03g02390	0.831182332671797
ostta09g01100	0.831179829573148
ostta08g00970	0.830754584565072
ostta09g00310	0.828172376584806
ostta05g00270	0.825660368818645
ostta09g02310	0.824614695460873
ostta11g02310	0.824607336098087
ostta01g02400	0.823003327493721
ostta05g00110	0.82263453367081
ostta07g01880	0.821252684524881
ostta12g03200	0.82046966140611
ostta06g01990	0.819276779148618
ostta03g02925	0.818855939513818
ostta13g01660	0.818828263846679
ostta19g00170	0.816943018307865
ostta08g02740	0.816315971535164
ostta07g01540	0.815781539074775
ostta11g01290	0.815480428955782
ostta02g03830	0.813862250700152
ostta18g01300	0.8138103558721
ostta07g02130	0.811620659079253
ostta12g02330	0.811606460494168
ostta03g04140	0.811387542308656
ostta06g01940	0.810784946442724
ostta01g02480	0.810658571526083
ostta09g03180	0.809144091154824
ostta04g01270	0.806711609794799
ostta03g02400	0.806673607331232
ostta14g00870	0.806219840299859
ostta06g02650	0.805954518805799
ostta14g00110	0.804368635042522
ostta20g00490	0.803431306641258
ostta04g00365	0.802711730576351
ostta12g02650	0.802313332190397
ostta07g02810	0.801859339229765
ostta16g01830	0.80181489435254
ostta05g01230	0.801184815719437
ostta09g00990	0.801055744860491
ostta06g00700	0.800976741849658
ostta05g00220	0.800125773323073
ostta05g01300	0.799249766227194
ostta01g03320	0.798241627598421
ostta03g00420	0.797864090991665
ostta07g04570	0.795407045190857
ostta07g02590	0.795067468923093
ostta11g00870	0.794642834071457
ostta11g01340	0.794252273940819
ostta07g00170	0.792417117684543
ostta01g04240	0.792332743233199
ostta15g00150	0.791283846826353
ostta11g01500	0.790216314957287
ostta16g00380	0.789133717969554
ostta15g02440	0.788170837103317
ostta04g03320	0.787528725246583
ostta02g04820	0.786945388533288
ostta04g04220	0.786678899671554
ostta04g01310	0.786454795442234
ostta03g02450	0.786176848653572
ostta06g01410	0.784318207003804
ostta17g00970	0.783159830525788
ostta10g01745	0.781850449684121
ostta08g01610	0.7818224768246
ostta12g02770	0.781347579084901
ostta04g03200	0.781217706920868
ostta15g01930	0.780607262651478
ostta01g03100	0.78036719669124
ostta01g01540	0.780194551332195
ostta04g05400	0.780190080745541
ostta04g04110	0.779709011397907
ostta02g03620	0.779196921933838
ostta16g00550	0.779087417399124
ostta11g02600	0.778559912096224
ostta14g01665	0.778425426862107
ostta07g04140	0.778196307177394
ostta05g04940	0.777503938605511
ostta02g04115	0.776830623049555
ostta01g03770	0.776772341269117
ostta04g01610	0.775188022201557
ostta02g04530	0.774895805044381
ostta20g00130	0.774666074918527
ostta06g02460	0.774650207391592
ostta03g00180	0.774580662481432
ostta07g04240	0.774129748734438
ostta13g01320	0.774074744780735
ostta09g01130	0.774056790734789
ostta11g02460	0.772520739104465
ostta05g00940	0.772345344015871
ostta07g01600	0.770738857870914
ostta06g00170	0.770533632856027
ostta03g00830	0.770341960561685
ostta13g02380	0.769940707297401
ostta01g00330	0.769596359922998
ostta06g04250	0.769284945203669
ostta18g00070	0.768626436838444
ostta01g03190	0.766940354280953
ostta07g02820	0.7668946217506
ostta12g02460	0.765396325064821
ostta05g04810	0.765208873083029
ostta02g00610	0.764917117496579
ostta03g04680	0.764546520006886
ostta06g03480	0.763411769205115
ostta02g04080	0.762078261754059
ostta05g00290	0.762026987109379
ostta18g00110	0.761974443826787
ostta10g02260	0.761374229233676
ostta12g00660	0.760747614375589
ostta01g05600	0.760379841893612
ostta04g04760	0.759393198953227
ostta17g01350	0.758807234884039
ostta08g00570	0.757621328565649
ostta02g02800	0.757322472929801
ostta20g00140	0.75644504586069
ostta04g02550	0.756112865264505
ostta01g06460	0.755865157874338
ostta11g01460	0.755081245823951
ostta16g01690	0.754478454887775
ostta01g05930	0.753689079207019
ostta04g02080	0.753640000148498
ostta14g00710	0.752763953547729
ostta11g02440	0.751818961131549
ostta02g02400	0.751594028691389
ostta10g01890	0.751408249119831
ostta02g05550	0.750604828376901
ostta01g02740	0.750518119045929
ostta09g03465	0.750379175453704
ostta03g04280	0.750129297830854
ostta05g03410	0.749727638466824
ostta18g01890	0.749638691965531
ostta13g02200	0.749589548301925
ostta03g03260	0.749508317073443
ostta16g01350	0.749210398551506
ostta08g03430	0.747607345777361
ostta04g02610	0.745979007555345
ostta16g01900	0.745822228817842
ostta20g00750	0.744863846592471
ostta07g04100	0.744777507694072
ostta08g00840	0.744411892990814
ostta07g00130	0.743574080202363
ostta06g02605	0.743346480130322
ostta09g02070	0.742780440365916
ostta05g01060	0.742529154332591
ostta01g01230	0.742298050357428
ostta01g05780	0.74172632236449
ostta09g03940	0.741650751470294
ostta03g00920	0.741575929138311
ostta10g01820	0.741419066704386
ostta16g02080	0.741334922217628
ostta02g05190	0.741262341680759
ostta01g06170	0.740516074311582
ostta05g02570	0.740023739116742
ostta11g00150	0.739568003949893
ostta15g00060	0.739532525615957
ostta12g01770	0.739055559072168
ostta14g00030	0.737439144656617
ostta02g04120	0.736550184683149
ostta01g05700	0.736515754258436
ostta13g02150	0.736191409160761
ostta12g00130	0.735789505310825
ostta08g01570	0.735724516517687
ostta08g03320	0.734730120921139
ostta15g00340	0.733370976511212
ostta02g00130	0.733356834800369
ostta13g01170	0.733146736222514
ostta03g01410	0.733112097824522
ostta03g01150	0.732627866251802
ostta13g03090	0.731648338314602
ostta20g00860	0.730366788662845
ostta06g02890	0.730329267660738
ostta07g02420	0.728520341603099
ostta17g00890	0.728301240831178
ostta13g02930	0.726999674187612
ostta02g03880	0.726886015033357
ostta07g03420	0.725997109023806
ostta07g03570	0.725770546384683
ostta12g02485	0.725723563562763
ostta15g02830	0.724785096323406
ostta09g02320	0.723443579033966
ostta16g01920	0.722980642375241
ostta01g05560	0.722762239648169
ostta03g04400	0.722703820961525
ostta02g00940	0.722391931627408
ostta11g00910	0.722164406916308
ostta11g03020	0.720736347674985
ostta10g02610	0.720727878244823
ostta02g01640	0.720619418573911
ostta12g00770	0.719833871389911
ostta08g03210	0.719127657291436
ostta17g01460	0.718503161778605
ostta14g01880	0.718435356840758
ostta05g00210	0.7176627070816
ostta03g02630	0.717167440462232
ostta02g04290	0.715830848429821
ostta06g03750	0.714533063353343
ostta01g00400	0.71412145754237
ostta03g04550	0.713253400527788
ostta14g02197	0.711784314644053
ostta15g00670	0.710787259152369
ostta12g00490	0.710629474043516
ostta05g02870	0.710467285486692
ostta17g00640	0.710361410111091
ostta18g01230	0.710010663816433
ostta02g02330	0.707441472088279
ostta01g05580	0.705185341151799
ostta03g01020	0.704453598196714
ostta01g05400	0.702008813786148
ostta01g04180	0.701886601378007
ostta05g02090	0.701474229706414
ostta04g04390	0.698834244959568
ostta17g00200	0.69814428826761
ostta03g04620	0.697654048222259
ostta06g00220	0.695624391730637
ostta16g00240	0.694947366398853
ostta10g02710	0.694826428886644
ostta06g04010	0.693518316601226
ostta14g00540	0.691341585668521
ostta15g00250	0.691316581362784
ostta03g04750	0.691210621367617
ostta11g00620	0.691194835424645
ostta12g01700	0.690415878541422
ostta15g00485	0.690086930753842
ostta01g04530	0.689791186988525
ostta16g01970	0.689771753740175
ostta02g02860	0.688274475478348
ostta12g01500	0.688262348234123
ostta09g00170	0.688161821261542
ostta17g00160	0.68761597296699
ostta09g00580	0.68436907954715
ostta03g04240	0.684354813677633
ostta16g02075	0.682846716527062
ostta02g00880	0.68270007248519
ostta06g00190	0.682614671561774
ostta04g02140	0.682268318328625
ostta04g01920	0.681665825409315
ostta03g04010	0.681479118600055
ostta17g01280	0.680699368941096
ostta06g03020	0.67983468079415
ostta06g02810	0.679428099593284
ostta01g06080	0.679338037261104
ostta13g00350	0.677890942907694
ostta01g05340	0.67679107289983
ostta06g04220	0.676235300801599
ostta07g00110	0.675943781378701
ostta04g03840	0.675745575366917
ostta05g02820	0.675357056841004
ostta04g00430	0.674306120713875
ostta17g02005	0.671727989290922
ostta18g01000	0.671589887798722
ostta09g01890	0.67117484591369
ostta14g00850	0.670015944552233
ostta13g00970	0.669732119951696
ostta09g03060	0.668056923517233
ostta08g03240	0.667826604460688
ostta02g02420	0.666832309928986
ostta08g00930	0.666347730202115
ostta01g04430	0.664992148113535
ostta12g01040	0.664489333827922
ostta05g01820	0.664419718290508
ostta09g00160	0.664093536402148
ostta19g00660	0.663826617831773
ostta10g02040	0.663680208664657
ostta18g01330	0.663289779566815
ostta04g05030	0.663170670824354
ostta15g01190	0.660679947599156
ostta16g00520	0.660467169397482
ostta12g01000	0.660214305369882
ostta09g00700	0.659406983269505
ostta11g01700	0.659329240843515
ostta01g01500	0.658874830860308
ostta04g01280	0.658724240807857
ostta05g02260	0.658440255829334
ostta05g01640	0.6579522093933
ostta02g00420	0.656182787361821
ostta16g02370	0.656026481889407
ostta08g02430	0.653429869121987
ostta05g02550	0.652567828435844
ostta14g00060	0.65250721954307
ostta04g01500	0.651975145916974
ostta15g01850	0.651942546646243
ostta02g04240	0.6514478650055
ostta02g02280	0.651010841616529
ostta11g02190	0.650828943993058
ostta11g03280	0.650211098483469
ostta04g00110	0.649058266303437
ostta05g02180	0.648473637857919
ostta13g01540	0.647352805517199
ostta20g00270	0.647209102630628
ostta04g05190	0.646938858942974
ostta09g00060	0.646664634980287
ostta09g02170	0.646468384730269
ostta15g00350	0.645102028235146
ostta04g00560	0.644352758019366
ostta12g00620	0.644103599505951
ostta05g02110	0.644061242604956
ostta12g01130	0.643324366490088
ostta07g01520	0.64315746775992
ostta01g03060	0.64313295789507
ostta02g01730	0.64305602495667
ostta02g02720	0.642890784475554
ostta10g00300	0.639792856407288
ostta09g03550	0.639347406978673
ostta10g02740	0.637565284048944
ostta09g02100	0.634944738437496
ostta14g01080	0.634593658898437
ostta06g00520	0.633132450302848
ostta18g01870	0.63310835102126
ostta02g02010	0.633072669701222
ostta01g00860	0.632714804930334
ostta02g03810	0.632537836338083
ostta04g05260	0.632529487361825
ostta09g03260	0.632155261555671
ostta13g02790	0.629193033278661
ostta06g01050	0.6284372145542
ostta05g00320	0.628173414869175
ostta07g01200	0.626904828532106
ostta05g01350	0.626332933830694
ostta12g03000	0.623725349706774
ostta03g01510	0.623537209137937
ostta03g03510	0.623170725934218
ostta15g02670	0.622956464587294
ostta10g01110	0.622757884929438
ostta03g03860	0.619736956063782
ostta05g04100	0.619083637371607
ostta11g00470	0.618086692909604
ostta08g01560	0.617693411933985
ostta20g00070	0.614846665042642
ostta06g02860	0.614404161061075
ostta17g01590	0.61395752597182
ostta11g00840	0.613264857027051
ostta03g04870	0.61305324179052
ostta07g03070	0.611930903323675
ostta07g04160	0.610736913837741
ostta02g00500	0.610736171952893
ostta09g02130	0.610198521479125
ostta02g05210	0.609760231986435
ostta16g01255	0.60949301832662
ostta08g00720	0.609330729161287
ostta05g04710	0.607784922889348
ostta03g03360	0.607314986577888
ostta13g02180	0.607033200200333
ostta13g01870	0.606836836410599
ostta06g00910	0.606485210785747
ostta09g00030	0.605889734978426
ostta13g00190	0.60556150526954
ostta08g00470	0.605460503071191
ostta12g00680	0.60413784715055
ostta02g02650	0.603811029698662
ostta15g00950	0.60365689547744
ostta15g00020	0.603452391768424
ostta16g02310	0.602979440847224
ostta15g02850	0.602971345893288
ostta09g00100	0.60271275902455
ostta03g04720	0.602660752349619
ostta05g04700	0.602496797321193
ostta20g00580	0.602428686902035
ostta12g02610	0.60219813770585
ostta09g02210	0.60202336055013
ostta18g00980	0.60153921042114
ostta02g02200	0.601513585800205
ostta03g01980	0.600539857293909
ostta06g03730	0.600356843422929
ostta12g01870	0.600355881207552
ostta11g03090	0.599596903443183
ostta04g00290	0.599525863709908
ostta11g00070	0.599091447255459
ostta01g05550	0.598523307963355
ostta13g02320	0.598221216727376
ostta05g04130	0.597934175708338
ostta10g00660	0.597839929613251
ostta12g00960	0.597042299697141
ostta01g05850	0.596758785301533
ostta11g02820	0.596513176757499
ostta07g02310	0.596491606352089
ostta02g04860	0.59588420948894
ostta01g06490	0.595868542783939
ostta09g01440	0.595595748617852
ostta17g01000	0.595491870323025
ostta03g03420	0.594666573161365
ostta19g00410	0.593918127958749
ostta09g03150	0.593656976082278
ostta07g01970	0.592341205023382
ostta16g00480	0.591848934248047
ostta03g03500	0.591016725235754
ostta16g02490	0.590575425224303
ostta18g00120	0.590541093831841
ostta01g02850	0.589653634299572
ostta12g01995	0.588116411041982
ostta03g04290	0.587594871393046
ostta13g02970	0.586780985001599
ostta07g03470	0.586693928662417
ostta07g01350	0.585604099726496
ostta01g05350	0.585133610511521
ostta14g01580	0.58429827457181
ostta20g00080	0.584171004833273
ostta02g01030	0.584134306999077
ostta08g02630	0.584124167771337
ostta01g01290	0.583164062440857
ostta02g01690	0.582770222692059
ostta05g04720	0.579320077284398
ostta06g00100	0.57843987079337
ostta05g01180	0.577704592859965
ostta03g03580	0.577701750511215
ostta10g02100	0.577618194166356
ostta04g03720	0.577278896716066
ostta13g01810	0.577045526387147
ostta10g00850	0.576943746159848
ostta05g01070	0.576915787003497
ostta04g01790	0.575700845283693
ostta17g00560	0.575640446003643
ostta06g03040	0.575490533233597
ostta08g00940	0.575289010624083
ostta09g00430	0.573405850961431
ostta06g00580	0.572011949512224
ostta16g00430	0.571553563350467
ostta01g05005	0.571266706033028
ostta11g01730	0.570291625526003
ostta10g01270	0.569404299563897
ostta11g03210	0.56920629773658
ostta02g02460	0.566611993193087
ostta04g04650	0.56600206045424
ostta20g00920	0.565579827329535
ostta11g01850	0.565317780221123
ostta03g01390	0.564532942910554
ostta01g05720	0.564241518077423
ostta02g01530	0.563446725261179
ostta07g01920	0.56271379064064
ostta03g02830	0.561297217819805
ostta14g01830	0.560657947628291
ostta14g02420	0.560610133129149
ostta16g01260	0.559846800879949
ostta10g02270	0.559770142706045
ostta09g01520	0.559697213204847
ostta10g01330	0.559364173886031
ostta07g01230	0.555029841732389
ostta15g01230	0.554030592379335
ostta03g01040	0.552409662959387
ostta03g03050	0.550399875543962
ostta09g00810	0.549750132929256
ostta04g04420	0.549556934359694
ostta01g01050	0.5484978760175
ostta04g03260	0.54837402302274
ostta07g00480	0.548208833867436
ostta06g01720	0.548070290167462
ostta04g00380	0.547867481547227
ostta03g00580	0.547091611383971
ostta16g00530	0.546940278846389
ostta13g02800	0.544434705962141
ostta01g04280	0.543686224064188
ostta01g01880	0.542769357142948
ostta12g02500	0.541721914521682
ostta17g02030	0.541509471927397
ostta02g01770	0.541288753755501
ostta03g03410	0.541111508875437
ostta09g00220	0.540623998205905
ostta03g02470	0.539563353787626
ostta06g00040	0.539233492324557
ostta18g00670	0.539088231445835
ostta11g02050	0.53897866938394
ostta01g02010	0.53897866938394
ostta01g02930	0.53897866938394
ostta06g01180	0.53897866938394
ostta07g01150	0.53897866938394
ostta07g02060	0.53897866938394
ostta07g04220	0.53897866938394
ostta09g02240	0.53897866938394
ostta13g02560	0.53897866938394
ostta13g02950	0.53897866938394
ostta01g03410	0.53897866938394
ostta07g04440	0.53897866938394
ostta08g01800	0.53897866938394
ostta11g03160	0.538825509451203
ostta01g04950	0.538388475087269
ostta03g00550	0.538279572440427
ostta13g00230	0.538275457996385
ostta06g02390	0.537725645561915
ostta01g05380	0.537563558759318
ostta04g03080	0.537235175415729
ostta16g00080	0.536801615840523
ostta16g00360	0.536307861372203
ostta03g01570	0.535923593645907
ostta02g03500	0.535828046508847
ostta02g03120	0.534070783279404
ostta01g06610	0.533918759246692
ostta02g01330	0.5331853001148
ostta16g02480	0.532462778557654
ostta11g00640	0.531662816874081
ostta04g02230	0.53130264481673
ostta01g03640	0.530399166856308
ostta11g00850	0.529728938754779
ostta10g03390	0.529548209857548
ostta04g01810	0.528819272881786
ostta05g02620	0.528779718771332
ostta09g01530	0.528735016965935
ostta17g01650	0.528603571988471
ostta01g06160	0.528296083721363
ostta12g00320	0.528270183383188
ostta02g02980	0.528073981770653
ostta09g00792	0.527887596716726
ostta08g04260	0.527863671007686
ostta05g01660	0.527847699332462
ostta17g02410	0.527732485407975
ostta14g00100	0.527662474558982
ostta03g05740	0.527523879522384
ostta04g03550	0.527439418519707
ostta07g00770	0.526757780011786
ostta04g02860	0.526558614053198
ostta04g00550	0.525430798143196
ostta05g00410	0.524361696819651
ostta05g01880	0.52320063424841
ostta11g00050	0.522542581983641
ostta09g04400	0.522479945650972
ostta10g01870	0.522119142357313
ostta13g01470	0.52099206139661
ostta02g03330	0.520989548215547
ostta02g03070	0.52050894050334
ostta06g00380	0.52031191122434
ostta13g02600	0.519942526447118
ostta18g01820	0.519535354301963
ostta05g03530	0.519487149958282
ostta16g02470	0.519391633772507
ostta01g02090	0.518571487816729
ostta02g01520	0.51751048697186
ostta02g01860	0.516959879105276
ostta20g00570	0.516653532874834
ostta16g01060	0.516619025055601
ostta11g01670	0.51649318239521
ostta02g00640	0.516452142500012
ostta12g01280	0.515216232058435
ostta05g02650	0.513090866534345
ostta01g04620	0.512433098894794
ostta14g02180	0.512188557368358
ostta01g00810	0.510940738640517
ostta09g03830	0.510730786322693
ostta14g02400	0.509887046695615
ostta13g02190	0.508282282596178
ostta14g01070	0.508234806232811
ostta15g00830	0.507957310295928
ostta10g03140	0.506746150324726
ostta13g01900	0.506692869516899
ostta05g00340	0.506568643204259
ostta12g02680	0.506046960439046
ostta10g02860	0.504954186565635
ostta11g03190	0.504889754787283
ostta10g01430	0.50187830484411
ostta02g04960	0.501683426029599
ostta17g00780	0.500519042085912
ostta09g00110	0.500102034299423
ostta03g03700	0.499889495514809
ostta09g01590	0.49980715999228
ostta02g03180	0.498863291064636
ostta16g01620	0.496558647904461
ostta09g04140	0.496531676685168
ostta19g00440	0.49611131625644
ostta14g01620	0.493933495468502
ostta07g01810	0.492743931657088
ostta10g01850	0.490945030651239
ostta11g00210	0.490414674175082
ostta16g01640	0.490187218038009
ostta01g02120	0.49017814922306
ostta20g00160	0.489868823674329
ostta01g01220	0.489636859598921
ostta05g04490	0.488913265007361
ostta06g00310	0.485688959236802
ostta08g02230	0.485163592298804
ostta04g03810	0.484987247993703
ostta15g00990	0.484743111354792
ostta12g01540	0.484458678657291
ostta02g03390	0.482788935977851
ostta08g02830	0.482343438612354
ostta05g01870	0.48179305301296
ostta05g02100	0.481728826793208
ostta12g02640	0.480805903805519
ostta03g01160	0.480680865831647
ostta11g02030	0.479873595185018
ostta03g01470	0.479077120618828
ostta09g02590	0.477357273118989
ostta03g04510	0.477194014223068
ostta10g00830	0.477188005541466
ostta16g00500	0.476881782810314
ostta02g00900	0.473266611956855
ostta17g01200	0.471976387979055
ostta20g00220	0.471582615035434
ostta03g00140	0.471109168990627
ostta09g04150	0.470698761684306
ostta07g04350	0.46979174672934
ostta03g05760	0.468226027417633
ostta02g04650	0.467531157825199
ostta01g04600	0.466182231726047
ostta02g05350	0.465871881312664
ostta02g01180	0.46554662022834
ostta05g02950	0.465319390419113
ostta05g02450	0.464226257848693
ostta10g03550	0.463373310552041
ostta08g01330	0.463021616379017
ostta18g00860	0.461860926643463
ostta02g02680	0.461343746783172
ostta03g03825	0.461191808106951
ostta16g00050	0.460391290692919
ostta09g03020	0.459311818972477
ostta05g04620	0.458671163856906
ostta05g04440	0.457245757604681
ostta01g02970	0.456347619293028
ostta03g01170	0.456308938368368
ostta07g04360	0.455593875387023
ostta20g00200	0.455161163382237
ostta20g00630	0.453601858574616
ostta10g00260	0.452249213172748
ostta12g00250	0.449982266440287
ostta10g02200	0.448349680666077
ostta10g01950	0.447317069251812
ostta08g03180	0.447029681654463
ostta04g02410	0.446367059111297
ostta03g02300	0.446147785918445
ostta07g01490	0.445995689841024
ostta06g03840	0.44528714054993
ostta07g02770	0.445021144757494
ostta08g04020	0.443564773714534
ostta12g01070	0.442973139450942
ostta11g02360	0.442925898433966
ostta01g05990	0.442207747442862
ostta05g02418	0.441692915153068
ostta18g00750	0.44069545228361
ostta01g05950	0.439738581125973
ostta03g04340	0.439586743444733
ostta04g00230	0.439489379611545
ostta12g02700	0.438439247959058
ostta17g01150	0.438418503127894
ostta07g02260	0.438286943870925
ostta05g02330	0.438077173278142
ostta04g04830	0.437757871719247
ostta10g00630	0.437478386058163
ostta15g02410	0.437210455576616
ostta03g01210	0.435154393056576
ostta01g01140	0.434869863967883
ostta04g00130	0.434648839268512
ostta07g02640	0.434646667454085
ostta05g02680	0.434527205839495
ostta08g01280	0.434449567322594
ostta02g00480	0.433612116562096
ostta10g00545	0.433189359013106
ostta03g01520	0.433033470853233
ostta01g03120	0.432834088770873
ostta09g00500	0.432671244386947
ostta10g02780	0.431637313927396
ostta05g03120	0.431060714495955
ostta03g03690	0.430955165171316
ostta07g02710	0.430724361983273
ostta04g02710	0.43050531101153
ostta14g03050	0.430177049405025
ostta07g01610	0.430111395022638
ostta07g01205	0.428147975003335
ostta16g01960	0.426728195856895
ostta03g02980	0.426361259457765
ostta11g02480	0.425979032079774
ostta03g00240	0.425724794032942
ostta14g01960	0.425612883930925
ostta12g01760	0.425198885658431
ostta03g04440	0.425167653264267
ostta06g00150	0.425109595578443
ostta02g02290	0.423508024355936
ostta07g01820	0.423380286892039
ostta11g03110	0.422122202684945
ostta09g01615	0.421637449855811
ostta15g01860	0.421394129295871
ostta17g00030	0.420495282484565
ostta03g03240	0.419903081300402
ostta07g00510	0.419375861185466
ostta02g03780	0.419089260962764
ostta04g00610	0.418846796809342
ostta02g01840	0.418748425102054
ostta05g01460	0.418676969792453
ostta08g02990	0.418281051498194
ostta14g02070	0.41737087433284
ostta14g01245	0.416764447322172
ostta10g00370	0.415976167629085
ostta09g00130	0.415265130626557
ostta06g01020	0.414655651562556
ostta04g03310	0.41369287444211
ostta12g02890	0.413483223596644
ostta16g01530	0.412938766199191
ostta14g01170	0.412109127412759
ostta02g02520	0.411681791436366
ostta08g00050	0.410991605386771
ostta04g02380	0.41080031007896
ostta03g03750	0.410346535589336
ostta11g01260	0.410176934137805
ostta14g01920	0.409598241442094
ostta10g02370	0.407650213602154
ostta04g01720	0.407258043418812
ostta17g01950	0.407176164347489
ostta08g01760	0.406696601308819
ostta15g02930	0.40621119606681
ostta09g00260	0.40475446977886
ostta04g04270	0.404552343993002
ostta18g01010	0.404483858061297
ostta13g01140	0.404427713855612
ostta20g00550	0.404414982934536
ostta15g00130	0.404046007870173
ostta08g02290	0.403684455448625
ostta04g01730	0.402529610951478
ostta07g00650	0.402082835591561
ostta05g04530	0.400539797980445
ostta14g01730	0.400196888921458
ostta04g04140	0.399230568104663
ostta09g02110	0.398143651004009
ostta08g00920	0.39813614092272
ostta10g00110	0.397992800785468
ostta15g02290	0.397767624170278
ostta12g00970	0.397576645020229
ostta13g02430	0.397466505713647
ostta03g04820	0.396906559770776
ostta09g01210	0.396589157094138
ostta12g03060	0.395831475254673
ostta09g01640	0.395546277992488
ostta02g04070	0.39377328108099
ostta04g03800	0.392831130004139
ostta15g02810	0.39263200818594
ostta01g06110	0.39054653746879
ostta03g03030	0.389802076560522
ostta18g01090	0.389296412894347
ostta03g02360	0.388106749724203
ostta11g02790	0.38738784418193
ostta12g03160	0.386718844647338
ostta09g00970	0.386374381354538
ostta13g02260	0.386187497769271
ostta08g02010	0.38465517423726
ostta11g00600	0.384498038999659
ostta02g00340	0.383027970878416
ostta01g01450	0.382448666747842
ostta18g01940	0.382207583658181
ostta08g03700	0.381232995606383
ostta02g01480	0.380744158454902
ostta14g01695	0.380276455896309
ostta01g03790	0.380267985585885
ostta16g02347	0.379967857495193
ostta01g03910	0.377790323467549
ostta02g03490	0.377737724617735
ostta10g02970	0.377514331352312
ostta01g05440	0.37751175843521
ostta09g03630	0.377304546131059
ostta07g00280	0.374613853072709
ostta07g00120	0.372090216234996
ostta06g01030	0.370247305212163
ostta11g01800	0.369788766595719
ostta06g03170	0.369742897828479
ostta05g02430	0.369734974873502
ostta02g01160	0.369404676928268
ostta08g02510	0.368437077967258
ostta14g02730	0.36739481280215
ostta06g03332	0.367350895147526
ostta18g00630	0.3665204871813
ostta07g04410	0.365109851441126
ostta12g02290	0.36459016013793
ostta07g04260	0.364401410163899
ostta06g03470	0.362859136306384
ostta04g00240	0.362210923707436
ostta04g04260	0.361752343150535
ostta04g00070	0.361284070448052
ostta07g03160	0.360387475332598
ostta08g02690	0.360130827770522
ostta10g02850	0.359964502133961
ostta17g00550	0.359951191795658
ostta07g04040	0.359767104567839
ostta06g04450	0.35941323319599
ostta01g01090	0.359373872449391
ostta15g01340	0.358240210814469
ostta04g03900	0.357719148516916
ostta12g00645	0.357347251640727
ostta12g01290	0.357025139912997
ostta02g02360	0.356827920378302
ostta06g04060	0.356614086073115
ostta11g02780	0.355728341963835
ostta12g01270	0.353689894031491
ostta03g00060	0.352653034707767
ostta16g02690	0.350658098256395
ostta03g02140	0.349995332445659
ostta04g02580	0.349271231270924
ostta01g04010	0.348982184312092
ostta08g00620	0.348462635375733
ostta12g01140	0.348405435249119
ostta07g01620	0.348369363525185
ostta08g00300	0.348054658552038
ostta03g01590	0.348036412203309
ostta07g01040	0.348003272386452
ostta12g01010	0.347693862549488
ostta06g03960	0.34610196478481
ostta04g01030	0.344873700607859
ostta02g05170	0.344703227245339
ostta04g02510	0.344369861705005
ostta19g00270	0.344175240724334
ostta14g01270	0.344145203499887
ostta17g01820	0.342614436928039
ostta08g01740	0.342469430131921
ostta09g03705	0.342042862930276
ostta07g03170	0.341535853465135
ostta12g00080	0.341312965994899
ostta06g00240	0.341079439043167
ostta15g02680	0.340942557978009
ostta14g02340	0.339660933407606
ostta01g00270	0.339540401072003
ostta02g00510	0.339135211777676
ostta18g01610	0.338518104417527
ostta18g00610	0.337494336566755
ostta07g03610	0.336741283618116
ostta12g00870	0.336103853328328
ostta07g01580	0.335465322505459
ostta09g01080	0.335392233137459
ostta12g02720	0.334620341880746
ostta17g01090	0.33308800902498
ostta04g04630	0.331948381532446
ostta11g02110	0.331489329354153
ostta15g00480	0.330687426319279
ostta01g01690	0.330472631585265
ostta10g02770	0.329826277028036
ostta04g01620	0.329015113814823
ostta08g02950	0.328995796489284
ostta18g01350	0.328160399530401
ostta11g01000	0.32775492067637
ostta09g01495	0.327677613424294
ostta08g04180	0.326710864305026
ostta06g02510	0.326603404295796
ostta07g04680	0.326375258860397
ostta13g01910	0.326180635095594
ostta11g02670	0.325973882407052
ostta10g03010	0.325510103875699
ostta16g02045	0.325504234523386
ostta18g01060	0.324605245053239
ostta17g01030	0.323673201194896
ostta01g03250	0.323358752186738
ostta14g00740	0.322858979340236
ostta16g00040	0.322573113598085
ostta03g05910	0.322503326661233
ostta17g00900	0.321766918077951
ostta01g03420	0.321392994645774
ostta11g00280	0.320030928367491
ostta04g04870	0.319865405972238
ostta06g01580	0.319403367478427
ostta14g01040	0.319250668198659
ostta14g00160	0.319058644444661
ostta15g00280	0.318845038178206
ostta01g05060	0.318777338139513
ostta11g00570	0.318724009670846
ostta14g01200	0.317390357245759
ostta06g03770	0.315147724293662
ostta20g00910	0.313859789310487
ostta06g02780	0.31370440228811
ostta07g03820	0.313586386990035
ostta05g04080	0.312454218803619
ostta14g01075	0.3123504557429
ostta10g02220	0.311566861437225
ostta15g00310	0.311533225277416
ostta07g00220	0.310710974541676
ostta20g00880	0.310496659009239
ostta14g02260	0.310287136129837
ostta10g01470	0.309821900790611
ostta04g00450	0.308817468341125
ostta02g03690	0.308337004694355
ostta17g02320	0.307888850132955
ostta01g05880	0.307702175448186
ostta12g02690	0.30717315818915
ostta05g03830	0.305737607529088
ostta02g00250	0.305689237638991
ostta04g02520	0.303968587184039
ostta13g02020	0.303728960616751
ostta01g06220	0.30349528946502
ostta05g03140	0.303058963261383
ostta12g01320	0.301667515250654
ostta06g03900	0.301630090616698
ostta07g00230	0.301427493830214
ostta06g00720	0.300909395203525
ostta07g02550	0.299890856219239
ostta10g01310	0.299442803384494
ostta03g05110	0.298272932584096
ostta10g01860	0.297894416616619
ostta02g01360	0.29767574707599
ostta16g02560	0.296844354494172
ostta02g03680	0.295905227086857
ostta14g00050	0.292271771507608
ostta01g06390	0.291979726424992
ostta15g01350	0.29117182729827
ostta06g01370	0.290885728118046
ostta03g05380	0.2906785751872
ostta12g01810	0.289206936226389
ostta13g02120	0.288665651028682
ostta05g04600	0.288569924719613
ostta01g00090	0.288058840195772
ostta02g04910	0.287815823622734
ostta15g01090	0.287597808231224
ostta11g01900	0.285303070972908
ostta13g03000	0.284542058571556
ostta17g00250	0.284193218749778
ostta09g03360	0.281566140550768
ostta04g05460	0.2813777049402
ostta04g03455	0.280077201071352
ostta08g03890	0.279709639945225
ostta07g01740	0.279466118955142
ostta01g04800	0.279388578496667
ostta06g00690	0.276567096788211
ostta14g01840	0.275531540055484
ostta03g05240	0.273903189145067
ostta10g03200	0.273523798249669
ostta05g01860	0.273489155231512
ostta06g02310	0.271946195779831
ostta08g01840	0.271674525238696
ostta09g02400	0.271500715899459
ostta02g00390	0.270745180465217
ostta06g02440	0.270687224021193
ostta10g02460	0.269301958491648
ostta14g00490	0.269261503483881
ostta18g00400	0.268980852477402
ostta11g01580	0.268835759993732
ostta03g03570	0.268561269435582
ostta06g01270	0.268078060832714
ostta04g04820	0.26731386721842
ostta09g03090	0.263889873848581
ostta05g01970	0.262615440046687
ostta09g04420	0.261697472363982
ostta12g00190	0.261332759306368
ostta04g00390	0.261049967763594
ostta08g03740	0.260753234525965
ostta15g01510	0.260667350857642
ostta10g02720	0.259583727082136
ostta02g03740	0.259418740323683
ostta01g05155	0.25876138255452
ostta03g00740	0.258439399682368
ostta18g00660	0.257972042810157
ostta04g00750	0.256754898592325
ostta10g00500	0.256471089334836
ostta10g00640	0.256231307289363
ostta11g00700	0.25571105062422
ostta02g02830	0.255708938221583
ostta09g04490	0.254206715383947
ostta04g01410	0.254073384361154
ostta04g05360	0.254015447832212
ostta05g04590	0.252776899363275
ostta03g00680	0.252022400426078
ostta02g01320	0.251836870317885
ostta06g01750	0.250608837806744
ostta09g02680	0.250276235587616
ostta09g03500	0.250015379976867
ostta05g02740	0.249337498366125
ostta05g01850	0.248344946916373
ostta01g06190	0.247515713356918
ostta16g00710	0.245424905911682
ostta03g03660	0.244406510896723
ostta11g00450	0.243893691703151
ostta08g03230	0.243331871892359
ostta01g00250	0.24285448709967
ostta01g01980	0.242302787232737
ostta01g04120	0.241753464910516
ostta16g02040	0.241328824966663
ostta01g01780	0.241235253571469
ostta05g00720	0.240742264324195
ostta06g02920	0.240255091575574
ostta18g00590	0.239965835988445
ostta13g01510	0.239374910284454
ostta02g04550	0.239038741785602
ostta09g02850	0.237873779391133
ostta05g01000	0.236712634574575
ostta13g02090	0.236369520379433
ostta02g05480	0.235865760728857
ostta06g03280	0.235518757695141
ostta12g01550	0.235239721990758
ostta08g01360	0.234563755822452
ostta07g01390	0.234443008703152
ostta15g00230	0.233744506463697
ostta09g02150	0.233672606295336
ostta15g02040	0.233392802550209
ostta03g03220	0.233092111729154
ostta15g02555	0.233034031496271
ostta05g01260	0.232029727756631
ostta01g02520	0.231807027761671
ostta01g05830	0.23160318632586
ostta04g05240	0.231489851136646
ostta16g02030	0.229316191765181
ostta05g01770	0.224783308080302
ostta13g01480	0.224736197743401
ostta08g02900	0.224450742851227
ostta15g00195	0.223282408960555
ostta12g01790	0.223108793775802
ostta02g03610	0.223108793775802
ostta03g04850	0.223108793775802
ostta04g05450	0.223108793775802
ostta06g03660	0.223108793775802
ostta07g00290	0.223108793775802
ostta10g01720	0.223108793775802
ostta13g00670	0.223108793775802
ostta02g01270	0.223108793775802
ostta09g04030	0.223108793775802
ostta01g03380	0.222415558956613
ostta06g02850	0.222319091147694
ostta03g01550	0.219444108741865
ostta18g00505	0.218583827883133
ostta07g01030	0.217947316469121
ostta09g04250	0.216646320509232
ostta17g02305	0.215661573045039
ostta13g02160	0.215246875254833
ostta17g01400	0.214728732095646
ostta16g02300	0.214029323443148
ostta07g00910	0.213999575484394
ostta13g00930	0.213504664124876
ostta15g01060	0.212879401294388
ostta19g00470	0.212390711644863
ostta16g01560	0.211144105781974
ostta14g01388	0.210724980249138
ostta10g03440	0.210210538790427
ostta15g00800	0.209930421270899
ostta05g01360	0.209291413201466
ostta08g04300	0.208863700279784
ostta19g00350	0.208863049478962
ostta03g04025	0.208128426622525
ostta02g01980	0.207202241752172
ostta08g04240	0.207006105767027
ostta11g00080	0.206601571627407
ostta01g01590	0.206433012036906
ostta01g00070	0.206043135593682
ostta05g02422	0.205966360113676
ostta02g01490	0.205641291806013
ostta01g02000	0.205619632319208
ostta15g00650	0.205060469247022
ostta16g00420	0.20396344517618
ostta04g04460	0.20296987993752
ostta01g06000	0.202777792100314
ostta13g00885	0.200507804574938
ostta12g00790	0.200448900516295
ostta03g03350	0.200196893507511
ostta04g03100	0.199911611179787
ostta03g04080	0.199481167868237
ostta05g02300	0.19934323945589
ostta04g00500	0.199206998094415
ostta12g00910	0.198727638839405
ostta08g01890	0.197656851678426
ostta02g04905	0.197119128246981
ostta07g02600	0.196852732681671
ostta15g01470	0.196240912288249
ostta10g01710	0.195039029445354
ostta05g00250	0.194366660012547
ostta09g02160	0.194134534591794
ostta14g02530	0.193542034626772
ostta10g00760	0.193514823466747
ostta09g02270	0.19276276391836
ostta12g01970	0.192231044658371
ostta11g00900	0.191533150894206
ostta03g02730	0.191500754419086
ostta12g00880	0.191312715630223
ostta18g01110	0.191188293820761
ostta07g04690	0.190907198109713
ostta14g01520	0.190388289320412
ostta02g05390	0.189809613722201
ostta05g04900	0.189264251814666
ostta09g00070	0.188953325875781
ostta05g02610	0.188322742014481
ostta12g01580	0.187022686359792
ostta18g00520	0.186750044890015
ostta04g00840	0.186492717783088
ostta14g00065	0.186094248691449
ostta02g04180	0.185743184263644
ostta15g00330	0.185540611728227
ostta09g01700	0.184323848671924
ostta13g01580	0.183267735904281
ostta02g04100	0.182789369450737
ostta15g02920	0.182216798977711
ostta12g00850	0.181956518539885
ostta16g00670	0.181907691073455
ostta14g01740	0.181565602061502
ostta01g03360	0.181370443540112
ostta04g03510	0.181259736906512
ostta01g04940	0.179656350238885
ostta07g03620	0.179590707184628
ostta05g01010	0.178762907361672
ostta12g00430	0.178238964865118
ostta09g01430	0.177955961423453
ostta17g01760	0.177081238150191
ostta12g00390	0.176367836768936
ostta15g02390	0.175457512829927
ostta03g02050	0.175073102412785
ostta16g01390	0.174091948096029
ostta01g05920	0.173763361885113
ostta01g04790	0.17369952845432
ostta04g04210	0.173359450769205
ostta14g00200	0.172666174721912
ostta09g02620	0.172291443478626
ostta11g00300	0.170996300768684
ostta07g02180	0.170569324326585
ostta16g02010	0.170303651464133
ostta01g02350	0.16904160384701
ostta10g01260	0.168676163251781
ostta20g00420	0.168099068579898
ostta10g00530	0.166383736510068
ostta05g00970	0.1657806286978
ostta07g01450	0.165232540790289
ostta12g01250	0.165164757450887
ostta07g01530	0.164210545853436
ostta06g00230	0.1622694513733
ostta14g02660	0.161522459714283
ostta09g00420	0.161115454567113
ostta01g05300	0.160795147111596
ostta01g00550	0.16055869283587
ostta17g01710	0.16040353036282
ostta02g03360	0.158650435424621
ostta17g02090	0.15864358327711
ostta17g01390	0.158509023429282
ostta01g00980	0.158499384069649
ostta04g00490	0.157049211117184
ostta02g03260	0.155769793951088
ostta10g01500	0.155593202875767
ostta20g00120	0.15456951470703
ostta03g01030	0.154383001690585
ostta01g01640	0.153878900842389
ostta12g00510	0.153569387687459
ostta07g01400	0.152612732307082
ostta09g02860	0.152152127316041
ostta01g00720	0.151850608428557
ostta04g05170	0.15113626850579
ostta02g00860	0.150426408264076
ostta10g01190	0.148835011356143
ostta10g00940	0.148650604472316
ostta02g01970	0.14733391085202
ostta06g01380	0.146924555143458
ostta18g01710	0.145629402668063
ostta08g03980	0.145302867966675
ostta19g00460	0.144359940951665
ostta11g01160	0.143768726119874
ostta05g04550	0.143561395667971
ostta08g01950	0.140671014521286
ostta01g00970	0.140526406511057
ostta09g01070	0.140412119620012
ostta02g03540	0.139523897457356
ostta06g02250	0.139443668380574
ostta13g02170	0.139106423752978
ostta12g00670	0.139054998386977
ostta09g04130	0.138945866484475
ostta12g02510	0.138405923569431
ostta06g00490	0.13720211599021
ostta01g04660	0.136926057089299
ostta03g00430	0.1366967540699
ostta04g02370	0.136667318840615
ostta05g04800	0.13646450533465
ostta18g00385	0.136241597781575
ostta02g03900	0.135798807501571
ostta05g04000	0.134633220392605
ostta02g05290	0.133979201621444
ostta07g04390	0.133896567769123
ostta09g00870	0.13264514533446
ostta18g01540	0.13264303423629
ostta12g00120	0.132300653962425
ostta11g01660	0.131147046386444
ostta05g01830	0.130726717898368
ostta06g01880	0.13063740684013
ostta09g00950	0.130204435841674
ostta13g00980	0.130059470174652
ostta12g01820	0.129646369350669
ostta02g00600	0.129632357603326
ostta09g01740	0.127164226636316
ostta02g04490	0.126404608379767
ostta04g03250	0.122219687612946
ostta15g01530	0.12208193179594
ostta07g01800	0.121031759797004
ostta01g04140	0.120836220436349
ostta06g01870	0.120744620825528
ostta04g03940	0.120027265358823
ostta05g04450	0.117399497433411
ostta07g01470	0.11645938848852
ostta12g02440	0.116139820799853
ostta08g03610	0.115651780413163
ostta04g00930	0.115024211097051
ostta07g00780	0.114818589304068
ostta12g02960	0.11454252803118
ostta01g05980	0.114515764601706
ostta15g01610	0.11354403442072
ostta01g01420	0.112656880901162
ostta02g04710	0.112213110408589
ostta18g00420	0.110783240246669
ostta02g04930	0.109289053498703
ostta07g00470	0.109236736537385
ostta08g03340	0.108809821312609
ostta06g04590	0.108279949271274
ostta09g03170	0.108092217216785
ostta13g01590	0.106997270532068
ostta06g01680	0.105466978695282
ostta06g03620	0.105180280385724
ostta04g02220	0.104876598299643
ostta09g04210	0.104659540191986
ostta06g03460	0.104292736690103
ostta10g01940	0.10319948043033
ostta04g05510	0.102507677205725
ostta13g02960	0.102142449980511
ostta08g04030	0.101379376637404
ostta01g00010	0.101267037181271
ostta05g03640	0.100114737132913
ostta12g01310	0.100061188880996
ostta12g02090	0.099994236186092
ostta01g06510	0.0997688353027761
ostta05g00680	0.0997680643215958
ostta07g00010	0.099612746390719
ostta18g00940	0.099407540340045
ostta08g02760	0.099251416950814
ostta05g01710	0.0978861636138681
ostta15g01890	0.0962895972337543
ostta11g02020	0.0962787407512325
ostta01g00500	0.0944709476053173
ostta03g03650	0.0937374628489035
ostta04g04910	0.0931746788659534
ostta06g02300	0.0924888729571459
ostta08g00110	0.090871715468114
ostta11g01470	0.0905823369806953
ostta03g00170	0.0905626705899519
ostta08g03040	0.0905626705899519
ostta14g01750	0.0905626705899519
ostta01g00410	0.0905626705899519
ostta06g02110	0.0905626705899519
ostta06g04230	0.0905626705899519
ostta08g03870	0.0905626705899519
ostta10g02830	0.0905626705899519
ostta10g03520	0.0905626705899519
ostta15g01300	0.0905626705899519
ostta15g02370	0.0905626705899519
ostta01g01480	0.0905626705899519
ostta12g02600	0.0905626705899519
ostta13g00270	0.0905626705899519
ostta06g00320	0.0904750232993979
ostta01g05740	0.0899395494814955
ostta14g00500	0.0887489378501632
ostta01g02510	0.0874261079972021
ostta02g01010	0.087282603926307
ostta01g06660	0.087278899669524
ostta05g00910	0.0839339172155123
ostta05g04850	0.0830756894222512
ostta03g03320	0.0825459095028115
ostta04g05570	0.0821518468552481
ostta04g01010	0.0816210712239901
ostta14g01470	0.0815249028873734
ostta03g05450	0.0807927106562072
ostta15g01380	0.0786379870556752
ostta14g00020	0.078219742703703
ostta11g00960	0.0782162577314416
ostta20g00020	0.0778125157466702
ostta01g01320	0.0777472831696081
ostta08g02330	0.0769519458799108
ostta15g02900	0.0760058331140134
ostta03g05530	0.0749748700748955
ostta03g04960	0.0730857199825947
ostta03g05570	0.0727810688147925
ostta03g00710	0.0721094043597605
ostta13g01100	0.0688632431699951
ostta18g01130	0.067766490396741
ostta17g00350	0.0677330933229567
ostta06g02930	0.0670283893571024
ostta07g03880	0.0663470918814785
ostta01g00620	0.0661139899449195
ostta03g00820	0.0661081977960363
ostta15g01170	0.0640347157719773
ostta02g01460	0.0638448993328667
ostta01g00300	0.0631591162572769
ostta08g03350	0.062271755442594
ostta04g02850	0.0619273477484115
ostta03g01610	0.061776249970467
ostta04g03760	0.061750646714803
ostta01g03150	0.0612420205342801
ostta07g00160	0.0609266995761568
ostta15g00420	0.060587232053653
ostta04g02390	0.0590861319737811
ostta13g00850	0.0589033195694698
ostta07g02750	0.0558164400134736
ostta09g01860	0.0545829161076613
ostta08g03250	0.0520475271871959
ostta02g04540	0.048550585195093
ostta03g02890	0.0483236663322099
ostta08g03750	0.0476271796975365
ostta10g00050	0.0471253367833644
ostta08g04220	0.0468073693457945
ostta06g01700	0.0461875127496771
ostta04g05340	0.0456529153525811
ostta04g04660	0.0456023995701022
ostta04g04010	0.0452936081782449
ostta02g03920	0.0450126592172183
ostta14g00400	0.044956990916101
ostta13g01240	0.0439733619719844
ostta03g05680	0.0437810712005578
ostta01g04150	0.0426245600461612
ostta07g00400	0.0418706515051658
ostta15g01550	0.0412072201744652
ostta14g00360	0.0385493643383182
ostta17g01310	0.0383480041256522
ostta03g03300	0.0365847941864916
ostta03g04210	0.0363647900695563
ostta01g02380	0.0360823048296751
ostta11g01980	0.0360716099870101
ostta12g01530	0.0355531425015123
ostta03g05620	0.0353112806994449
ostta13g02220	0.0349032574224881
ostta13g01820	0.0346625465615999
ostta15g00630	0.0334200872478545
ostta17g01640	0.032620804024049
ostta14g02240	0.0323871841121183
ostta14g00880	0.0319075803461296
ostta10g01960	0.0299271636833962
ostta04g00730	0.0296823722675263
ostta01g03720	0.0285843779351736
ostta09g02010	0.0285547733981109
ostta01g04830	0.0284829440268578
ostta08g02100	0.028239329128088
ostta11g00180	0.0272036063368922
ostta05g04980	0.0257897065685282
ostta07g00080	0.0257626444752427
ostta15g02350	0.0243441663935868
ostta01g04980	0.0234879985512292
ostta16g00100	0.0211300728830734
ostta01g02460	0.0198478716150382
ostta16g00770	0.0189454463067907
ostta10g02660	0.0188198306227335
ostta08g03140	0.0183299794573805
ostta07g01770	0.0183114900176063
ostta11g01570	0.0183035200413206
ostta13g00740	0.0182986446021748
ostta06g03370	0.0180781311975549
ostta01g04970	0.0177255652683093
ostta12g01120	0.0163898666329733
ostta01g05970	0.0161478507416716
ostta05g00840	0.0149091274733549
ostta02g04600	0.0145829218982269
ostta05g02845	0.014390338687733
ostta02g05150	0.0128992084195938
ostta03g00100	0.0128114287882199
ostta05g00640	0.0123875463723675
ostta02g02920	0.0118264171051472
ostta11g00985	0.0107792277950613
ostta07g03340	0.0105895531530337
ostta03g04810	0.00922403411893989
ostta01g06120	0.00916298801306841
ostta10g01380	0.00844939884467782
ostta01g05590	0.0083057939250165
ostta17g02110	0.00741002011236456
ostta05g03670	0.00728573837861901
ostta10g00390	0.00719264958232786
ostta16g02390	0.00645021705859014
ostta10g02840	0.00633941975169087
ostta08g02440	0.00384543358109529
ostta02g05140	0.00332146252429248
ostta08g01895	0.00289235466636655
ostta03g02530	0.00260090696093713
ostta08g04040	0.00139397832045231
ostta11g00605	0.00111959666218816
ostta15g00405	0.000189649509458816
ostta11g01910	6.63430308835792e-05
ostta04g00740	-0.000185863276612868
ostta06g00670	-0.000560253819032176
ostta08g02640	-0.000676082077864365
ostta07g03200	-0.00116891332566709
ostta03g05050	-0.00203098123879474
ostta01g03160	-0.00204759700137249
ostta10g01530	-0.00271851529263481
ostta08g00560	-0.00312407820130128
ostta08g03070	-0.00429411506527918
ostta01g04960	-0.00483625814748154
ostta04g01480	-0.00508318279322842
ostta11g00520	-0.00535687157056319
ostta10g00320	-0.00568323103804841
ostta03g00120	-0.00713990035416772
ostta20g00170	-0.00790245939136505
ostta02g00370	-0.00905419786542253
ostta15g02420	-0.00941167453380667
ostta03g02650	-0.0096700081576326
ostta06g03780	-0.0100590640096426
ostta06g02370	-0.0103120401512752
ostta09g03130	-0.0107112198040613
ostta04g03710	-0.0120831653033223
ostta01g02450	-0.0129646461375968
ostta20g00640	-0.014274635790378
ostta17g01220	-0.0146116847870901
ostta09g00480	-0.0146839468400476
ostta07g04150	-0.0153327786814144
ostta15g01080	-0.0159171970834138
ostta04g00580	-0.0171920505140281
ostta12g02310	-0.0179398836487795
ostta14g02740	-0.0190208600617045
ostta04g00260	-0.0207225338351819
ostta06g02960	-0.021461073003577
ostta08g00460	-0.021743465638931
ostta13g01700	-0.0217483792321618
ostta06g03310	-0.0220158616957736
ostta13g00400	-0.0223852548872097
ostta09g03910	-0.0231228248632083
ostta01g05260	-0.0237325888320665
ostta11g00790	-0.0245417504015151
ostta14g00690	-0.0247250107207365
ostta09g01780	-0.0254769210488819
ostta02g02880	-0.0259619856180556
ostta07g04470	-0.0268595877249905
ostta01g05890	-0.0274440218610441
ostta10g01590	-0.0275061427217923
ostta16g01370	-0.0293651446105902
ostta01g04440	-0.0294870241221134
ostta16g01980	-0.0298283323631516
ostta11g01950	-0.0309298480094505
ostta09g02800	-0.0322928117910995
ostta12g01440	-0.0323958129484086
ostta08g03520	-0.0327863219892224
ostta14g00795	-0.0337380044817629
ostta07g02250	-0.0339308626556157
ostta04g05470	-0.0339426066997701
ostta17g01880	-0.0353077422110584
ostta10g00950	-0.0354562209995968
ostta03g04150	-0.0365334913281444
ostta14g00950	-0.0365376419797253
ostta11g02510	-0.0372980262206166
ostta16g01795	-0.0380371714952763
ostta08g02840	-0.038925872701618
ostta05g03910	-0.0393616738180757
ostta20g00060	-0.0395041947977945
ostta03g03340	-0.0405561209007617
ostta03g00030	-0.0408843773264559
ostta13g03020	-0.0410575502154228
ostta11g03220	-0.0414228440130879
ostta05g01220	-0.0423802763411371
ostta15g00570	-0.0424887672088085
ostta16g01400	-0.0444382988040106
ostta03g02860	-0.0453245317358162
ostta17g01010	-0.0455963900584968
ostta14g01850	-0.045674397792932
ostta04g01660	-0.0462197480763824
ostta12g02000	-0.0468793479770924
ostta11g02890	-0.0470583751566344
ostta05g00350	-0.0472838624013482
ostta01g05120	-0.0479929806967756
ostta05g01490	-0.0489433701238356
ostta11g02450	-0.0492349653391629
ostta04g04040	-0.0492384302737622
ostta04g01830	-0.0521833024651951
ostta04g04960	-0.0523505453087894
ostta16g01770	-0.0526650832469831
ostta07g02780	-0.0535321083379939
ostta01g05520	-0.0535688567728255
ostta14g03010	-0.054190498479193
ostta04g00220	-0.0542268745492852
ostta11g00220	-0.056739258981283
ostta02g04030	-0.0571991221413333
ostta04g02690	-0.0586038840228895
ostta01g00760	-0.058896997136478
ostta09g00680	-0.0593667053727652
ostta03g00490	-0.0602782364835877
ostta18g01460	-0.0604092081827962
ostta08g03860	-0.0611152320712443
ostta03g01320	-0.0614439076951238
ostta10g02680	-0.0616132719464889
ostta06g02770	-0.0616284562200182
ostta10g02140	-0.0620471321443678
ostta11g00380	-0.0622678895790866
ostta01g01530	-0.0632535976905817
ostta01g02780	-0.0635630482998029
ostta06g02940	-0.0638724503233608
ostta06g02410	-0.0643028950163618
ostta02g01780	-0.0646663740551591
ostta12g00060	-0.0650728196316081
ostta07g04580	-0.0665075102721372
ostta06g00090	-0.0666257457047663
ostta11g00940	-0.0681593668155817
ostta02g04020	-0.0687992778479954
ostta06g00790	-0.0696606541360772
ostta08g00750	-0.0699929636123808
ostta09g03840	-0.0706339900175118
ostta02g04360	-0.0718016303258528
ostta02g00110	-0.0720875396664151
ostta07g04060	-0.0727218322365508
ostta05g00490	-0.0730756422695224
ostta15g02130	-0.0732671332029668
ostta04g04120	-0.073295375200261
ostta07g03800	-0.0740756182045259
ostta03g03040	-0.0763332135958183
ostta13g00340	-0.0774186554660535
ostta06g00160	-0.077442562075925
ostta13g00460	-0.0781150508206487
ostta10g00030	-0.0785409654378428
ostta07g01500	-0.0786050572524986
ostta05g04920	-0.0786279784852369
ostta09g03600	-0.0800484695294606
ostta14g00720	-0.0807725357093029
ostta01g01085	-0.081086495730331
ostta20g00440	-0.0819137418770659
ostta15g01460	-0.0825210211492482
ostta03g04200	-0.0826108811090797
ostta01g02880	-0.0841093840909434
ostta03g02800	-0.0841093840909434
ostta04g03255	-0.0841093840909434
ostta06g03850	-0.0841093840909434
ostta07g00050	-0.0841093840909434
ostta07g02230	-0.0841093840909434
ostta07g02760	-0.0841093840909434
ostta07g04500	-0.0841093840909434
ostta09g01670	-0.0841093840909434
ostta11g02500	-0.0841093840909434
ostta13g01500	-0.0841093840909434
ostta02g00030	-0.0841093840909434
ostta03g01680	-0.0841093840909434
ostta05g03320	-0.0841093840909434
ostta08g00700	-0.0841093840909434
ostta09g01710	-0.0849991211511803
ostta17g01130	-0.0850747131669142
ostta01g02220	-0.0852571578402875
ostta02g03430	-0.0855479978711119
ostta12g01950	-0.0855947531326039
ostta14g00220	-0.0856376735958204
ostta13g00720	-0.0866909553783613
ostta14g00750	-0.0870276426221574
ostta06g01840	-0.0879170299257973
ostta15g01280	-0.088030913406136
ostta02g04750	-0.0889585839515901
ostta03g02030	-0.0891931388809218
ostta03g00720	-0.0904562470002438
ostta09g03030	-0.090572510798723
ostta08g01940	-0.0909587903293671
ostta09g01180	-0.0915594953947775
ostta04g00880	-0.0927002737562312
ostta09g03050	-0.0929777913176984
ostta13g02480	-0.0949257621356658
ostta13g01980	-0.0950839664185464
ostta01g04410	-0.0953379652720588
ostta02g03910	-0.0965757541332566
ostta09g01770	-0.0982012775214068
ostta04g01400	-0.0995773720075962
ostta16g01730	-0.0996188618372714
ostta11g00800	-0.0998191389964631
ostta02g02550	-0.100100012188206
ostta09g02145	-0.100478634641661
ostta01g01270	-0.101324563349439
ostta10g03400	-0.101967996970018
ostta03g05170	-0.102407635419863
ostta01g01830	-0.102548253514681
ostta14g00480	-0.102765587379907
ostta05g04070	-0.103426351429352
ostta08g00190	-0.103793129113106
ostta02g01350	-0.103902793606545
ostta07g02660	-0.104848221247571
ostta10g00860	-0.105796638051375
ostta05g03870	-0.107973833978517
ostta10g00740	-0.107993029289417
ostta05g03960	-0.108851416156885
ostta12g00200	-0.109714784326593
ostta10g03365	-0.109904008995083
ostta03g04330	-0.110315333967352
ostta07g00380	-0.113276867296712
ostta02g01790	-0.113650644964563
ostta04g01100	-0.114176046186435
ostta16g00470	-0.11468555419924
ostta05g04860	-0.115214930368366
ostta04g01980	-0.115337354869978
ostta05g04560	-0.116064944210245
ostta04g04170	-0.11619565148084
ostta02g02870	-0.116421812886506
ostta02g01510	-0.116913864747997
ostta14g02960	-0.116937486309456
ostta08g00780	-0.117675143329252
ostta16g02025	-0.118569849353745
ostta04g03420	-0.119608564148143
ostta12g00900	-0.121787635378289
ostta02g02370	-0.122103076906498
ostta07g01910	-0.123347673847928
ostta06g00180	-0.124483027337313
ostta06g00480	-0.12466730263351
ostta09g02250	-0.124725786037932
ostta02g04990	-0.126416099635381
ostta01g03530	-0.127490579212037
ostta12g01050	-0.1280748968827
ostta15g00560	-0.128184341334784
ostta04g01840	-0.128300821187814
ostta08g00710	-0.128316959440916
ostta06g02570	-0.131297614150783
ostta04g04560	-0.131848066425628
ostta06g03380	-0.132672879255829
ostta06g01120	-0.134762897034494
ostta15g02170	-0.13550885665811
ostta06g00870	-0.135680185762383
ostta04g05560	-0.136345347055019
ostta09g02370	-0.136617913859676
ostta01g01790	-0.136667231866913
ostta03g05290	-0.137253064402508
ostta04g03880	-0.137649513122025
ostta09g04370	-0.138827085315944
ostta12g02190	-0.139081674165505
ostta13g01290	-0.139344314501968
ostta15g00640	-0.139782451926232
ostta02g00300	-0.140267376545987
ostta05g03600	-0.142031669672862
ostta06g04330	-0.142712262153837
ostta17g01770	-0.142808484606997
ostta14g02980	-0.142963657058124
ostta01g05280	-0.143990043753937
ostta11g00660	-0.144155033279433
ostta20g00930	-0.144473017587074
ostta02g05020	-0.145103775302201
ostta03g02720	-0.145400884997041
ostta13g01380	-0.14544714924352
ostta04g03210	-0.146578826095497
ostta01g02240	-0.146657940172833
ostta14g01390	-0.146890453952491
ostta09g03510	-0.147832124392825
ostta09g01230	-0.147981989128716
ostta07g01680	-0.148334135943185
ostta02g00100	-0.148830547400619
ostta15g01265	-0.148841167202588
ostta01g02680	-0.149933270821163
ostta03g01760	-0.149933270821163
ostta04g01820	-0.149933270821163
ostta05g03480	-0.149933270821163
ostta05g03630	-0.149933270821163
ostta06g02220	-0.149933270821163
ostta08g01200	-0.149933270821163
ostta08g02270	-0.149933270821163
ostta11g01840	-0.149933270821163
ostta13g01460	-0.149933270821163
ostta18g00560	-0.149933270821163
ostta09g02030	-0.149933270821163
ostta10g00200	-0.149933270821163
ostta05g00100	-0.150051196172217
ostta07g03550	-0.151110412689757
ostta06g00250	-0.151212155326207
ostta19g00640	-0.151503596676772
ostta01g05090	-0.152184336493473
ostta08g01080	-0.152378675487133
ostta04g00440	-0.153066695572162
ostta12g01710	-0.153330155737707
ostta06g04370	-0.153813400505998
ostta04g03530	-0.154641597036587
ostta05g01080	-0.156150858264217
ostta07g03330	-0.156237379118174
ostta05g02000	-0.15711349857182
ostta03g00440	-0.15753957727678
ostta12g00530	-0.159932567318096
ostta06g03990	-0.160181664044953
ostta02g02380	-0.160994869737533
ostta01g00320	-0.161880310150486
ostta04g03400	-0.162104694817251
ostta10g02430	-0.16213907329196
ostta05g04430	-0.162887522490085
ostta13g00250	-0.162893244138602
ostta08g01410	-0.163128617631634
ostta04g00080	-0.163248380185548
ostta02g00555	-0.163470843188204
ostta01g02830	-0.163964111269831
ostta14g01240	-0.164897560028225
ostta02g04390	-0.165721710506025
ostta01g01350	-0.168685282614575
ostta12g03030	-0.168803623950284
ostta15g01970	-0.168829917733117
ostta08g00850	-0.170967045630842
ostta14g02630	-0.171111022883599
ostta03g01270	-0.171902970973371
ostta04g03910	-0.172654226231771
ostta12g02360	-0.172955001627953
ostta20g00790	-0.17452958728265
ostta02g02480	-0.174857955023833
ostta17g00130	-0.17501177571182
ostta09g03820	-0.175622201600407
ostta01g05910	-0.17582890560992
ostta13g02870	-0.17604149074397
ostta08g01220	-0.176655228574594
ostta07g04670	-0.177257358466596
ostta16g02230	-0.177334096059885
ostta14g03030	-0.177681130765895
ostta08g03190	-0.178133744188266
ostta12g02970	-0.178503017615518
ostta14g01310	-0.178906651011147
ostta01g00120	-0.179432271952533
ostta13g02840	-0.180022394612035
ostta01g00520	-0.180675790310415
ostta04g02110	-0.180782391681018
ostta08g02360	-0.18090055221618
ostta01g02610	-0.181493133239029
ostta04g03460	-0.181497296810345
ostta11g01250	-0.182360352908664
ostta17g00060	-0.18435759813156
ostta13g01650	-0.185817816766158
ostta11g02540	-0.18720757302892
ostta08g03440	-0.188831444380481
ostta12g02100	-0.18884197641251
ostta06g04170	-0.18902073256198
ostta06g01710	-0.189093182699601
ostta11g03030	-0.18927174240842
ostta12g00100	-0.189487046785165
ostta13g01630	-0.189746803131923
ostta03g03120	-0.189842631697093
ostta03g00160	-0.191041023489922
ostta01g04585	-0.191514598704821
ostta18g00380	-0.191964288348869
ostta14g00320	-0.19293031147126
ostta13g01490	-0.19332678660113
ostta15g02750	-0.19359626420512
ostta13g02130	-0.194168065929749
ostta12g00580	-0.19538063639219
ostta09g01950	-0.196150541936826
ostta10g02240	-0.19643308908964
ostta17g00100	-0.196752987064302
ostta03g03870	-0.197019905515566
ostta09g00360	-0.197209304479399
ostta16g01720	-0.198048972999226
ostta17g02160	-0.198264828077591
ostta04g00170	-0.199762354637131
ostta12g00820	-0.199780627817857
ostta14g01290	-0.200041905285125
ostta16g01190	-0.200090915410565
ostta02g04880	-0.200117781219707
ostta01g01750	-0.200156084941175
ostta14g00670	-0.200263846073067
ostta07g02930	-0.2009190924097
ostta04g02130	-0.20095741696197
ostta13g01010	-0.201220039629952
ostta02g04800	-0.201384947623616
ostta10g01240	-0.201519086503963
ostta06g03260	-0.201836168021378
ostta07g04750	-0.201863343222595
ostta16g00320	-0.202413783227497
ostta07g01310	-0.202498729835114
ostta13g00050	-0.203881831046537
ostta03g05920	-0.204301390971299
ostta01g05640	-0.204598853201814
ostta20g00055	-0.205154561399978
ostta13g01940	-0.20515823407891
ostta06g03250	-0.205317653205684
ostta18g01910	-0.205709440974142
ostta08g00740	-0.20580864837057
ostta03g00270	-0.207385430506977
ostta06g00610	-0.209032330095441
ostta09g02670	-0.209082740956436
ostta17g01730	-0.209477224709871
ostta02g01190	-0.209849283171839
ostta12g01220	-0.209962535009713
ostta11g02970	-0.210915843168585
ostta03g02770	-0.210948890823092
ostta18g01360	-0.211577902498291
ostta05g00080	-0.213227827493463
ostta01g03340	-0.215367878823342
ostta04g00420	-0.216834986278392
ostta07g02570	-0.21710960845513
ostta16g00300	-0.217422755548283
ostta03g00310	-0.217581435303507
ostta01g01820	-0.21807065818038
ostta13g01690	-0.21948545249685
ostta06g03390	-0.219681058278882
ostta17g01450	-0.220026829679128
ostta01g02080	-0.223012630876247
ostta13g01550	-0.22526590693358
ostta17g01920	-0.225395005467434
ostta05g00380	-0.225599585982095
ostta16g00290	-0.227250403326963
ostta13g02010	-0.227362274854832
ostta08g01850	-0.228076768048403
ostta16g00330	-0.228102385815781
ostta15g01420	-0.229223629047269
ostta09g02540	-0.23007404946737
ostta12g00210	-0.230121998791628
ostta15g00900	-0.231870638742968
ostta10g01320	-0.231947972851394
ostta03g02825	-0.234709611047113
ostta10g00290	-0.236448992688862
ostta16g01460	-0.236842798348144
ostta13g00640	-0.236937013025881
ostta10g00040	-0.238165379315033
ostta01g02200	-0.23867699641766
ostta10g02750	-0.239690001949762
ostta01g04920	-0.240472931765571
ostta01g03740	-0.240505191836382
ostta06g03320	-0.240729527052697
ostta11g00460	-0.241751212219159
ostta03g03780	-0.242136989686311
ostta15g01290	-0.243674592881354
ostta01g02825	-0.243927016026747
ostta10g01280	-0.2454137742611
ostta11g01370	-0.245495682040981
ostta07g03440	-0.245552670718647
ostta04g04350	-0.245764740947815
ostta08g02470	-0.24622082501817
ostta09g03220	-0.246631482744567
ostta03g00300	-0.247115483338661
ostta03g02550	-0.249117512024487
ostta14g02830	-0.251553895757619
ostta01g06420	-0.251801998184069
ostta03g03130	-0.252342019471058
ostta10g00870	-0.252441463236829
ostta09g01120	-0.25288130168782
ostta08g01480	-0.25341664834411
ostta03g04950	-0.254573708782007
ostta13g03040	-0.255726173083519
ostta15g02550	-0.255821539621449
ostta08g03200	-0.256690947219628
ostta06g03680	-0.256776166250954
ostta04g00510	-0.259975103211805
ostta15g00940	-0.262540843908665
ostta02g05540	-0.263866451095068
ostta16g01590	-0.264737541966992
ostta03g03980	-0.265113723202179
ostta07g04120	-0.26521505035631
ostta18g00550	-0.265549234622486
ostta03g02180	-0.265789708287088
ostta09g03850	-0.26681226813794
ostta03g00640	-0.269090509516672
ostta12g02340	-0.269791468697871
ostta05g02690	-0.270502497552053
ostta10g01420	-0.271037212426989
ostta05g02500	-0.271707931597621
ostta07g02720	-0.272266030925883
ostta07g01760	-0.272487247392582
ostta03g01180	-0.272954150995553
ostta03g05720	-0.273485292292791
ostta03g00790	-0.273588313171735
ostta04g00060	-0.274448286186874
ostta09g00980	-0.275081161444936
ostta09g01360	-0.275592551205361
ostta03g01310	-0.27629147129866
ostta05g04280	-0.276511867041823
ostta12g00940	-0.277501342355283
ostta09g00960	-0.278364776573287
ostta01g01550	-0.279091346116497
ostta11g02410	-0.280617199185708
ostta04g01130	-0.281245390096483
ostta11g01710	-0.282774344533822
ostta07g00340	-0.28318998995305
ostta01g03920	-0.283344285234564
ostta01g04100	-0.283346416982435
ostta05g02720	-0.283495677332026
ostta06g00740	-0.284745113763518
ostta17g00320	-0.285180620374428
ostta17g01470	-0.285756384763339
ostta17g00010	-0.286017384442778
ostta02g00040	-0.286112010149541
ostta15g02090	-0.286892103610033
ostta02g02940	-0.287337510825563
ostta16g01670	-0.28834515496595
ostta06g03270	-0.289221003110928
ostta18g01980	-0.290234882409199
ostta03g05460	-0.291279601716644
ostta15g02380	-0.291655034420526
ostta16g02340	-0.292230215225334
ostta09g00280	-0.293770856954669
ostta11g02260	-0.294205769671826
ostta08g00510	-0.295313878240679
ostta09g02720	-0.296744417178505
ostta15g01560	-0.296765337135776
ostta01g01960	-0.297364369211179
ostta05g03270	-0.297646202251353
ostta10g00430	-0.299168548418701
ostta05g02340	-0.299362445138436
ostta04g05020	-0.300074195198577
ostta07g01560	-0.300417579788885
ostta17g02360	-0.303171279680642
ostta02g01245	-0.303677377874292
ostta13g00260	-0.304093743499788
ostta03g04900	-0.30483919398177
ostta01g04900	-0.305817901837586
ostta13g02720	-0.308855351532872
ostta17g01540	-0.310491664436128
ostta08g00800	-0.311646876171763
ostta10g02470	-0.311680325059074
ostta17g00960	-0.31245773839531
ostta06g03740	-0.312683542534377
ostta07g02970	-0.313198501937746
ostta17g01500	-0.314752505204374
ostta12g00480	-0.315347774357174
ostta17g02070	-0.316300619954201
ostta18g00310	-0.316370151464823
ostta03g01190	-0.316733887211378
ostta01g00890	-0.317481702532997
ostta01g03110	-0.317692589921323
ostta05g04680	-0.317988024504503
ostta03g00870	-0.319049276566708
ostta03g04050	-0.322120065052995
ostta12g03100	-0.322371275455584
ostta02g04260	-0.323461876257032
ostta01g06050	-0.324673833610129
ostta17g00510	-0.325896261446066
ostta03g02820	-0.326819627172931
ostta06g00135	-0.327603128411971
ostta11g02710	-0.328262708922074
ostta01g03280	-0.3297429480645
ostta04g01550	-0.330028832024272
ostta01g02990	-0.33027709958507
ostta13g02640	-0.330973427553123
ostta01g01410	-0.33137695561274
ostta16g02160	-0.332349123753862
ostta07g01130	-0.333223927469084
ostta15g00680	-0.333499041498269
ostta01g05290	-0.333918214964944
ostta03g04130	-0.334377389144863
ostta14g02210	-0.334498169291866
ostta10g01090	-0.335567688292193
ostta14g00960	-0.335772768055235
ostta04g04340	-0.336042701469061
ostta20g00230	-0.336477483148049
ostta01g00190	-0.336743477009399
ostta08g00150	-0.337068376509905
ostta02g05225	-0.338111437679335
ostta07g02110	-0.338885348154288
ostta14g00660	-0.339519174904425
ostta06g02120	-0.340961669831209
ostta08g02240	-0.341312925423769
ostta07g01850	-0.341471256684323
ostta06g01510	-0.34151704415604
ostta08g01650	-0.341709487049553
ostta06g00945	-0.341806595822843
ostta09g01560	-0.341882661149989
ostta01g00130	-0.341934099063571
ostta06g00360	-0.343838507730898
ostta04g00330	-0.34385875797295
ostta02g01590	-0.34396448062909
ostta05g02920	-0.344347141672904
ostta05g04730	-0.346670262095876
ostta09g00150	-0.3473504584587
ostta17g02080	-0.347684144768182
ostta05g04470	-0.34847811423744
ostta15g01820	-0.348986951885622
ostta03g00520	-0.349320601409383
ostta18g01440	-0.349409077789816
ostta10g01140	-0.350023078289901
ostta14g01300	-0.352582832851228
ostta01g06470	-0.353038982508609
ostta07g04530	-0.356220306759531
ostta11g01940	-0.356776690361875
ostta05g03110	-0.358250306226577
ostta08g00880	-0.358621341004768
ostta01g03760	-0.358676568743436
ostta08g02490	-0.359268465488153
ostta03g01430	-0.361224737831503
ostta11g02560	-0.362011417195643
ostta06g00770	-0.362239024475436
ostta12g02490	-0.362296585028888
ostta02g04280	-0.36313366691
ostta02g04470	-0.363166285748824
ostta11g00160	-0.363535857717616
ostta01g00140	-0.363789661039857
ostta16g02680	-0.365124863116483
ostta18g00730	-0.365480114193746
ostta01g00670	-0.366595860926382
ostta15g00930	-0.367440970309123
ostta03g05880	-0.367464562685934
ostta14g02870	-0.368176917187534
ostta02g04130	-0.36932302110381
ostta02g03720	-0.369364197390674
ostta17g00630	-0.36989779199527
ostta13g00920	-0.370130534928295
ostta06g01640	-0.370877361179348
ostta07g02350	-0.37090037651881
ostta11g02530	-0.371190120666143
ostta10g01030	-0.371540080724794
ostta10g01160	-0.372133204031471
ostta16g02600	-0.374080463233837
ostta05g01780	-0.374179910209207
ostta02g01090	-0.374617810416153
ostta01g06430	-0.375765504510548
ostta11g01400	-0.376034599592991
ostta11g01060	-0.376641292567099
ostta07g03480	-0.376899365998707
ostta04g02590	-0.376943278146308
ostta17g00330	-0.378118268467078
ostta10g00150	-0.378155602125864
ostta14g00090	-0.378322885605674
ostta10g00220	-0.378889960480209
ostta07g03360	-0.380939430926754
ostta05g01250	-0.381771942665894
ostta06g01330	-0.382797359079195
ostta01g05430	-0.383330873782065
ostta05g01510	-0.385060096092429
ostta02g01020	-0.387653407346325
ostta07g02440	-0.389164492384942
ostta07g02370	-0.39054467040753
ostta06g01430	-0.391319933754864
ostta04g03960	-0.392174343080842
ostta16g01470	-0.392232881277717
ostta07g03400	-0.392856969988036
ostta07g00260	-0.393643488240281
ostta10g03290	-0.394436155425019
ostta13g00480	-0.39453518077919
ostta05g00530	-0.394757969166119
ostta12g02950	-0.395003013623169
ostta10g03240	-0.395147382787639
ostta12g00260	-0.396883000487853
ostta17g02230	-0.397525663265791
ostta01g01720	-0.397813253740101
ostta08g04080	-0.39867553993269
ostta04g00530	-0.3991021646569
ostta14g00970	-0.400141486782831
ostta13g02940	-0.401741324189463
ostta12g00440	-0.401905757100446
ostta05g01330	-0.40496185982364
ostta05g00550	-0.405630226591403
ostta01g02210	-0.405832480254046
ostta04g00090	-0.406034747808433
ostta15g02300	-0.406173437824517
ostta15g01140	-0.406710489864526
ostta10g00580	-0.408544230449746
ostta07g03060	-0.408935018261735
ostta15g02710	-0.408945357783347
ostta10g00420	-0.40922272669949
ostta01g02770	-0.409322813312094
ostta14g01900	-0.410682366719133
ostta11g00690	-0.41068944645302
ostta11g01740	-0.411131968649462
ostta05g05000	-0.411489848189573
ostta08g00310	-0.411532802344989
ostta08g00980	-0.413594161584707
ostta10g01705	-0.414321903767447
ostta03g02250	-0.414514160869977
ostta05g04370	-0.414722690387929
ostta17g01255	-0.416600896821868
ostta16g00220	-0.416663073666494
ostta14g02775	-0.416721885698891
ostta07g02290	-0.417435231777413
ostta15g00510	-0.417467407387125
ostta09g02450	-0.419224535775495
ostta04g00200	-0.419506820703222
ostta08g02570	-0.419716554129334
ostta11g00830	-0.42164145760378
ostta04g02770	-0.421689153686354
ostta10g02310	-0.424823612852732
ostta18g00790	-0.425930248914792
ostta11g00760	-0.426056253544237
ostta04g01570	-0.426174758427558
ostta07g00490	-0.42646450698971
ostta07g01110	-0.426521236352899
ostta09g04350	-0.426550386225318
ostta19g00420	-0.426744149142774
ostta14g01440	-0.427490381919663
ostta03g02840	-0.427515318015506
ostta14g00210	-0.428971803725456
ostta04g05010	-0.430709501552327
ostta08g00140	-0.431055065762805
ostta07g04370	-0.431224483105903
ostta05g04570	-0.432061366092164
ostta03g02960	-0.433660757168003
ostta04g00870	-0.433679496988225
ostta14g01157	-0.43373480943438
ostta03g04980	-0.434082644218955
ostta14g03080	-0.434131824030535
ostta06g03930	-0.434149747187466
ostta11g00270	-0.434614919724757
ostta06g02480	-0.435516834808077
ostta08g02210	-0.437524943402026
ostta16g01110	-0.437531461089677
ostta11g01895	-0.438033762608128
ostta02g04350	-0.438134396039001
ostta20g00260	-0.439181959277236
ostta01g05390	-0.440030670225855
ostta09g00785	-0.440079366147049
ostta08g01270	-0.440740453084809
ostta01g00485	-0.443083598421898
ostta02g05060	-0.44322881628694
ostta09g03620	-0.443711185123566
ostta10g00920	-0.445461627703867
ostta03g01440	-0.446901658382167
ostta03g04500	-0.446974911408586
ostta01g04030	-0.447349470670709
ostta06g03820	-0.447565309846199
ostta10g03410	-0.447855585500628
ostta13g02440	-0.448083244045547
ostta04g04050	-0.448626577754315
ostta15g00955	-0.448744928937951
ostta09g02330	-0.44918929414045
ostta08g02730	-0.449294759553832
ostta03g04940	-0.449644462124605
ostta15g02870	-0.449918768370208
ostta20g00410	-0.45029976190892
ostta18g00555	-0.451061982991497
ostta04g04750	-0.451674937876205
ostta06g03790	-0.452051916545152
ostta04g00910	-0.452061020109889
ostta06g00850	-0.45208744007777
ostta07g02470	-0.452300930691493
ostta18g01520	-0.452491827766892
ostta07g01290	-0.452994848721292
ostta02g00670	-0.454649929762451
ostta03g01130	-0.45472284432802
ostta04g00370	-0.455084541574809
ostta15g02200	-0.456982048709846
ostta03g03150	-0.459545520808001
ostta16g00830	-0.459585222751964
ostta08g01070	-0.459852541617297
ostta06g01800	-0.461534870322441
ostta04g02320	-0.461718619461842
ostta02g00490	-0.462742938719751
ostta14g00550	-0.465119254729549
ostta10g00930	-0.465923477476327
ostta01g05490	-0.466100904547779
ostta08g02720	-0.466293055598244
ostta04g02270	-0.466338992842865
ostta03g03930	-0.466453241969936
ostta20g00700	-0.468761318631924
ostta02g01910	-0.468978719154856
ostta11g02900	-0.470530316225022
ostta09g03140	-0.470748442875425
ostta03g02230	-0.470867583795593
ostta09g03760	-0.470934170462374
ostta08g02670	-0.471228055216588
ostta13g00440	-0.472838543209026
ostta05g01030	-0.47452261301352
ostta05g04540	-0.475487919532311
ostta03g03600	-0.475948188117012
ostta02g04670	-0.476142640555737
ostta02g02580	-0.476729286616861
ostta13g02910	-0.476784729425757
ostta03g05300	-0.478029357105725
ostta06g04440	-0.478143550688407
ostta11g00820	-0.478314028730037
ostta07g02500	-0.478491275327216
ostta01g03620	-0.479004968636074
ostta06g04300	-0.479364809800713
ostta17g01100	-0.479869186155634
ostta17g00260	-0.480387809152898
ostta01g04210	-0.480580986261718
ostta12g00990	-0.481688371934451
ostta03g00350	-0.484125829399675
ostta06g04070	-0.487381646171234
ostta18g01340	-0.487483871606989
ostta15g02100	-0.489738369093026
ostta03g04920	-0.490416289960715
ostta02g04740	-0.49064322729492
ostta15g00390	-0.490842093388612
ostta03g02460	-0.490938606138888
ostta05g04630	-0.493270492138051
ostta07g00370	-0.494982102156979
ostta07g03140	-0.49503403556497
ostta04g02040	-0.495457889180122
ostta07g02390	-0.497118734289163
ostta05g04870	-0.497313144109813
ostta04g04430	-0.49784185281603
ostta07g00140	-0.498132666368135
ostta07g04090	-0.499700187430952
ostta15g01110	-0.500076953960592
ostta05g03850	-0.500126471251297
ostta03g00880	-0.501246756547666
ostta14g02850	-0.5014061956709
ostta07g00920	-0.502110644263795
ostta07g04300	-0.502253835100706
ostta07g04290	-0.502262869336243
ostta03g01640	-0.504359952559749
ostta11g03170	-0.505173996739244
ostta18g00960	-0.505522688393535
ostta08g03310	-0.505575244572818
ostta07g00620	-0.508274165963073
ostta01g00160	-0.509141325029014
ostta01g06370	-0.50988312356037
ostta04g04980	-0.509952972850343
ostta08g04140	-0.510463979606626
ostta01g01030	-0.511373011735176
ostta04g03230	-0.512357378399443
ostta16g01580	-0.512473940033828
ostta16g01180	-0.513111164335104
ostta04g03190	-0.513338738945616
ostta17g00400	-0.513425737606754
ostta03g02880	-0.513929245102598
ostta04g02650	-0.5140055536299
ostta05g02426	-0.515381403317124
ostta03g00210	-0.517311290326364
ostta02g05090	-0.518540917439912
ostta09g04240	-0.519268655486992
ostta09g00770	-0.519946209401968
ostta10g02180	-0.520477582770604
ostta12g00070	-0.521052498999138
ostta08g04200	-0.521241892785451
ostta17g02185	-0.523107520976574
ostta13g00630	-0.523171318081549
ostta16g00090	-0.523508798942256
ostta04g01530	-0.523621943858864
ostta02g02470	-0.524710860639382
ostta14g01010	-0.526145553847034
ostta13g02100	-0.527109718333399
ostta09g02520	-0.528445936950362
ostta14g00380	-0.529845303988999
ostta07g01270	-0.530505049606696
ostta10g03360	-0.531139895726314
ostta09g02360	-0.531936067297082
ostta01g00020	-0.532395248501855
ostta05g00190	-0.534696812702468
ostta03g03830	-0.535091437500832
ostta03g02810	-0.536362696787357
ostta12g01090	-0.53822796965062
ostta01g05690	-0.538255219835279
ostta01g03050	-0.538317003781352
ostta02g04680	-0.538951036950193
ostta10g00010	-0.539527212477932
ostta01g05020	-0.539972124474781
ostta08g01290	-0.541052110327746
ostta01g05420	-0.541484076665395
ostta04g04730	-0.541943367621244
ostta05g00800	-0.542228321733265
ostta11g03230	-0.54227489436763
ostta18g00930	-0.543468760923
ostta13g00030	-0.54391475370584
ostta11g01530	-0.543996552173811
ostta03g04430	-0.5442834524562
ostta02g04340	-0.545462786164973
ostta09g00750	-0.546036464307654
ostta16g00650	-0.547072749829379
ostta08g00410	-0.5474247241533
ostta10g03420	-0.548011797217316
ostta17g02240	-0.548213589771991
ostta16g01410	-0.548312308965468
ostta18g00320	-0.54874032017053
ostta14g02290	-0.548897793166035
ostta05g04960	-0.549650695125703
ostta17g01830	-0.552857562271537
ostta02g05510	-0.553452664770616
ostta15g01180	-0.554779780608239
ostta01g00100	-0.554997140677223
ostta11g00260	-0.555037191839413
ostta06g00300	-0.557336622140725
ostta08g00830	-0.558365209811181
ostta01g02490	-0.55862869745977
ostta14g01890	-0.55933217365459
ostta14g01380	-0.5596516967309
ostta09g03660	-0.560407999494885
ostta02g01080	-0.560737393523929
ostta03g01060	-0.561289057521648
ostta13g02030	-0.562247008997522
ostta09g03190	-0.562785392544402
ostta11g03250	-0.562933390823925
ostta14g02500	-0.563292903391424
ostta07g00500	-0.564593297958046
ostta06g00270	-0.565382304974843
ostta01g04480	-0.566899211992152
ostta17g00490	-0.568163039639604
ostta17g01480	-0.568316802755084
ostta01g05240	-0.568785506305523
ostta01g00610	-0.569056989164689
ostta20g00850	-0.572043218936126
ostta16g00560	-0.573150448251392
ostta20g00370	-0.574054103590006
ostta05g02120	-0.574288768644867
ostta13g02400	-0.576037812882664
ostta16g00350	-0.577017927981607
ostta02g04560	-0.577227733401735
ostta09g00350	-0.577797832543597
ostta03g03840	-0.578989928649477
ostta12g02830	-0.580358386793989
ostta03g04790	-0.581944870907753
ostta16g00740	-0.58285675954192
ostta13g00890	-0.585638635722232
ostta02g05330	-0.58589357180247
ostta12g01900	-0.586077470461465
ostta11g01410	-0.586456756051293
ostta14g00150	-0.586726479325249
ostta13g01600	-0.587160294701985
ostta17g00050	-0.5873112796156
ostta05g03570	-0.588301251369361
ostta07g04200	-0.589311790641623
ostta08g00160	-0.591468241605359
ostta03g02920	-0.592657289173591
ostta20g00590	-0.593504726201054
ostta04g02890	-0.593885292702367
ostta17g01690	-0.593906936033023
ostta06g03510	-0.594290065810558
ostta01g01460	-0.594448156329904
ostta06g03440	-0.595374692672892
ostta06g03290	-0.596964953633613
ostta15g00180	-0.597041584984128
ostta03g01780	-0.597070933960553
ostta12g00110	-0.598116679839661
ostta10g03435	-0.599202763593454
ostta13g01670	-0.599828351414111
ostta06g01860	-0.601557763433256
ostta10g00510	-0.601640572055114
ostta02g03250	-0.603412913533591
ostta04g03500	-0.603746532887289
ostta10g01210	-0.606036903163888
ostta16g01500	-0.606358189188056
ostta07g01420	-0.606452143379349
ostta05g01040	-0.606702394257907
ostta18g00200	-0.607721949582713
ostta01g03600	-0.609187580019542
ostta07g04330	-0.609572298151645
ostta03g04590	-0.6109017790558
ostta02g04090	-0.612113476095981
ostta06g03910	-0.612192744276756
ostta03g04380	-0.612547001783831
ostta13g00040	-0.612547379990284
ostta01g01560	-0.613041841757302
ostta03g03330	-0.613590688872339
ostta05g01570	-0.615272538892847
ostta06g02750	-0.616459564604846
ostta09g03980	-0.61705471349579
ostta08g00480	-0.618053618307106
ostta02g04300	-0.618192024349409
ostta06g01970	-0.618219304934028
ostta05g02160	-0.619155198375681
ostta18g00490	-0.61942302891767
ostta03g00040	-0.620170490421764
ostta14g00520	-0.621136481462211
ostta16g01860	-0.621969014555311
ostta09g02560	-0.622333709499484
ostta05g04330	-0.622650747039993
ostta07g01190	-0.623445615906777
ostta04g02090	-0.623793399494164
ostta02g02840	-0.623857441259415
ostta08g03500	-0.624622598583541
ostta17g00620	-0.624665422789806
ostta11g01540	-0.624906891227512
ostta14g02310	-0.625876608290978
ostta05g02930	-0.625931879238736
ostta08g00030	-0.62629886072954
ostta14g01050	-0.62632712947699
ostta13g01840	-0.626631268030098
ostta03g05030	-0.626636481490596
ostta02g04950	-0.627394471727584
ostta12g01260	-0.627550673964547
ostta14g02700	-0.627954818161826
ostta05g01930	-0.629234042267437
ostta09g01990	-0.629429930902427
ostta01g05870	-0.629861737005897
ostta03g05710	-0.631787339814723
ostta03g03460	-0.632701953637228
ostta05g03620	-0.632940335860477
ostta06g02290	-0.633554993817399
ostta02g02510	-0.633563025015078
ostta07g04620	-0.63504109765809
ostta14g00980	-0.635858333755573
ostta07g02855	-0.636771274873213
ostta07g01260	-0.63819261172419
ostta15g01450	-0.638487463664583
ostta01g01210	-0.640300941431821
ostta13g01120	-0.640638303262185
ostta08g00100	-0.641615675133236
ostta10g00080	-0.641832993021779
ostta18g01250	-0.642148546087248
ostta08g02820	-0.642172658257352
ostta13g02500	-0.643524977187851
ostta02g02150	-0.645145095290411
ostta11g01230	-0.646944213608842
ostta05g02080	-0.647411339481582
ostta13g01440	-0.647683862292356
ostta10g03450	-0.649113335825578
ostta03g00360	-0.649171525197775
ostta05g04340	-0.650035872861406
ostta01g02760	-0.65012779829114
ostta13g01200	-0.65014061043559
ostta13g00390	-0.650494524515525
ostta08g00060	-0.650835874071769
ostta12g00350	-0.651236347556707
ostta01g00310	-0.652846142777029
ostta14g01550	-0.653093961603685
ostta10g02360	-0.653179174802832
ostta17g00310	-0.654855214961341
ostta11g03070	-0.655485409707249
ostta20g00110	-0.655933754700565
ostta01g03450	-0.655991735552026
ostta04g00040	-0.657367487402683
ostta11g01140	-0.657899321131968
ostta08g04090	-0.658239662621475
ostta16g02590	-0.659128651708918
ostta17g00430	-0.659991397609256
ostta06g00650	-0.660411071554725
ostta04g01150	-0.660572490759906
ostta16g02150	-0.660878153210112
ostta06g01190	-0.661553108153388
ostta11g02150	-0.661904114012871
ostta06g01650	-0.663166182742857
ostta11g01280	-0.663993440470135
ostta12g00410	-0.665572033760837
ostta01g02170	-0.665768722488541
ostta14g01160	-0.666355619820412
ostta17g01420	-0.667230288809836
ostta05g04780	-0.66831582389755
ostta06g02690	-0.670665772306477
ostta04g02740	-0.67180952721231
ostta03g03015	-0.674392719418025
ostta05g04890	-0.674992209931587
ostta06g02190	-0.67503475387107
ostta01g04340	-0.675713973803304
ostta03g03900	-0.676178728664374
ostta08g01180	-0.677251066417554
ostta07g02270	-0.679745432533337
ostta15g02520	-0.681052723458921
ostta12g00330	-0.681078544810178
ostta12g01630	-0.681376809055573
ostta16g02190	-0.682011726905154
ostta05g01480	-0.682204660923088
ostta01g06010	-0.682800616084849
ostta13g02000	-0.683250823050117
ostta18g00060	-0.68357056008372
ostta08g03650	-0.683865267626365
ostta07g01900	-0.684025500406705
ostta03g02420	-0.684149880402713
ostta14g00130	-0.68438885217751
ostta04g04370	-0.685384512869251
ostta15g01730	-0.687856537089132
ostta07g04010	-0.688183213572757
ostta16g01300	-0.688193202463757
ostta16g02540	-0.689036588057633
ostta13g00090	-0.689468056299329
ostta14g00240	-0.689515932782502
ostta08g03840	-0.692587590218194
ostta01g02940	-0.694633202285518
ostta02g05430	-0.695203222155705
ostta17g01610	-0.697051732419024
ostta04g03000	-0.697756877611726
ostta14g00525	-0.697851412406885
ostta01g03630	-0.698746188854873
ostta11g00980	-0.698787507527067
ostta17g02370	-0.699210881376616
ostta15g00090	-0.70031613641393
ostta17g00040	-0.700920122461253
ostta02g02730	-0.702053393621692
ostta17g02290	-0.702112759133345
ostta15g00890	-0.702384828162282
ostta12g01080	-0.702471394111568
ostta06g00350	-0.70386090082665
ostta13g01850	-0.703972970949516
ostta02g03600	-0.70534085042875
ostta17g01160	-0.705805091762759
ostta09g00630	-0.707024619991336
ostta01g05200	-0.708414864489514
ostta17g01170	-0.708574335684802
ostta03g02100	-0.708786863372948
ostta16g02530	-0.708992678395229
ostta01g03750	-0.709515320152553
ostta03g00780	-0.709892295461483
ostta02g04440	-0.711653700714232
ostta12g01850	-0.712392797579121
ostta11g00410	-0.712399162148348
ostta02g00950	-0.712880412666424
ostta03g04220	-0.712914313708032
ostta20g00710	-0.713038625219281
ostta12g01910	-0.713580775717077
ostta16g00070	-0.715631847768896
ostta05g04790	-0.715740981490541
ostta06g04320	-0.716072996064234
ostta17g00420	-0.716867037708648
ostta03g05130	-0.718509743359489
ostta01g06200	-0.719240885626338
ostta01g04130	-0.719465230744468
ostta13g01060	-0.719699274429826
ostta08g04010	-0.720969506896405
ostta15g01920	-0.72109818246217
ostta15g01760	-0.72131593900099
ostta15g01950	-0.723786981185027
ostta13g00660	-0.723963870316484
ostta07g03960	-0.724238782019117
ostta07g03130	-0.725832021122539
ostta03g05190	-0.726550582911016
ostta03g03680	-0.727127441599543
ostta18g01320	-0.727258920355089
ostta12g01600	-0.73059091584544
ostta09g02350	-0.731425819777857
ostta20g00350	-0.732068299976767
ostta12g02040	-0.732107113228601
ostta08g03770	-0.733079154028013
ostta13g00750	-0.733315455356707
ostta03g02200	-0.733688835886203
ostta04g04790	-0.733791956390555
ostta04g00640	-0.733996218321286
ostta03g05145	-0.734592828661299
ostta03g05500	-0.734703937539439
ostta15g02325	-0.735174092763986
ostta06g03200	-0.736037561906017
ostta06g03720	-0.736275864699598
ostta09g00020	-0.736391746523437
ostta14g03060	-0.736556299537685
ostta10g03430	-0.738194138942729
ostta05g02840	-0.738209485037584
ostta08g01550	-0.738941963834565
ostta05g00760	-0.739525355637888
ostta06g03060	-0.739972389479869
ostta14g02860	-0.740885065580671
ostta02g03355	-0.741052875972679
ostta14g02030	-0.741121541885048
ostta15g01690	-0.743791708351667
ostta10g00980	-0.744276702635006
ostta06g02840	-0.745228548736632
ostta18g00920	-0.74688602618879
ostta08g00260	-0.747758076943189
ostta14g00080	-0.748032827754859
ostta09g03570	-0.74808921562433
ostta14g03070	-0.748543923558003
ostta10g02400	-0.749163595049307
ostta04g02720	-0.749912219467113
ostta03g03380	-0.751932326099457
ostta13g02900	-0.752756686674763
ostta04g04330	-0.754307108510994
ostta02g03860	-0.754442396585609
ostta08g00010	-0.754486357649569
ostta05g02490	-0.755424533199314
ostta05g04750	-0.756185631547197
ostta06g04560	-0.756219576654688
ostta06g00050	-0.75633428961919
ostta10g00600	-0.757130567608061
ostta05g03340	-0.759388422763176
ostta09g00210	-0.759672191117685
ostta18g00850	-0.760710131112392
ostta01g05460	-0.760945102019807
ostta03g03160	-0.764400070439933
ostta14g02140	-0.764635802678717
ostta17g01430	-0.764861041520654
ostta10g02060	-0.765271290864806
ostta10g02380	-0.767478470326952
ostta07g03910	-0.767608656160994
ostta10g02160	-0.767634337268399
ostta08g01970	-0.7682143435247
ostta10g00100	-0.769741231492313
ostta01g04850	-0.769903093417888
ostta11g00560	-0.770348607621743
ostta10g01830	-0.770488077714817
ostta19g00300	-0.771054130278782
ostta01g00800	-0.771734637498166
ostta14g02750	-0.771826709794341
ostta11g02120	-0.77198011565085
ostta05g00230	-0.772974501397403
ostta05g00280	-0.773528776589162
ostta03g00860	-0.774555641576749
ostta04g05280	-0.775194908637698
ostta15g01160	-0.776419494418081
ostta20g00660	-0.7764545522761
ostta09g00600	-0.77658180502568
ostta08g02650	-0.777058036641257
ostta13g00360	-0.777669761670497
ostta10g01610	-0.778032435547833
ostta11g02680	-0.778226876613829
ostta06g01000	-0.778625359265845
ostta06g03450	-0.778847946475677
ostta01g03140	-0.782845330773753
ostta20g00970	-0.782944201006361
ostta02g03700	-0.783527284249105
ostta12g00655	-0.784847304176919
ostta12g00160	-0.78488539712657
ostta08g03400	-0.785409567521352
ostta07g04460	-0.785526103769912
ostta11g00920	-0.786084241644156
ostta07g02840	-0.786387910409584
ostta11g00540	-0.786542203844565
ostta17g01230	-0.787035281558767
ostta17g02075	-0.787684242209114
ostta10g01990	-0.787726033364912
ostta03g01240	-0.787897812981734
ostta06g00860	-0.788154684798506
ostta16g01010	-0.788957891692218
ostta01g03310	-0.789258307938781
ostta06g02820	-0.789320267291447
ostta09g03780	-0.790063321530496
ostta06g03220	-0.790775009367362
ostta13g00910	-0.791028095477698
ostta14g00250	-0.791110210829569
ostta11g00680	-0.793504757516748
ostta10g03530	-0.794914887613228
ostta03g02540	-0.795067699315658
ostta04g03440	-0.795079609020452
ostta02g03960	-0.798369948482164
ostta12g02550	-0.799836049673462
ostta05g01210	-0.800260484087263
ostta15g02840	-0.800319774430996
ostta01g03300	-0.801460632100665
ostta04g03370	-0.801751752211691
ostta03g00690	-0.802815162179441
ostta07g03000	-0.803422181379049
ostta01g05310	-0.804038434809241
ostta01g02430	-0.806094898086616
ostta05g02050	-0.806333839558904
ostta09g02690	-0.807108930488926
ostta04g03920	-0.807905561083325
ostta06g03980	-0.808413483764422
ostta01g02440	-0.809042681238171
ostta11g00330	-0.809268958071027
ostta15g02890	-0.810141027067503
ostta07g03900	-0.810502896854186
ostta15g01010	-0.811454375866361
ostta04g01860	-0.814192365355906
ostta13g02750	-0.81522529422144
ostta14g02930	-0.815989194096474
ostta17g01110	-0.816021928630082
ostta01g03990	-0.816964747717342
ostta07g04000	-0.817040463932676
ostta18g00370	-0.817663769910076
ostta17g01600	-0.81781540865758
ostta20g00950	-0.817873344047122
ostta17g02020	-0.818021176263097
ostta11g03240	-0.819402698495807
ostta03g05550	-0.820397370147243
ostta07g03790	-0.821438151555776
ostta14g02150	-0.821893315692646
ostta06g01960	-0.822411550712137
ostta02g01930	-0.823649489283725
ostta03g05420	-0.823863219505433
ostta03g03400	-0.824552686372634
ostta02g02570	-0.825132965294805
ostta17g00840	-0.825278107849869
ostta18g00880	-0.825742544405024
ostta11g00390	-0.827601635808981
ostta03g05850	-0.827644737620682
ostta13g02630	-0.827644737620682
ostta14g00940	-0.827644737620682
ostta16g00570	-0.827644737620682
ostta16g00660	-0.827644737620682
ostta16g02720	-0.827644737620682
ostta04g01770	-0.827644737620682
ostta06g02760	-0.827644737620682
ostta06g03550	-0.827644737620682
ostta07g01710	-0.827644737620682
ostta07g02340	-0.827644737620682
ostta08g02520	-0.827644737620682
ostta10g02015	-0.827644737620682
ostta14g00190	-0.827644737620682
ostta15g01200	-0.827644737620682
ostta18g00250	-0.827644737620682
ostta01g01080	-0.827644737620682
ostta06g03540	-0.827644737620682
ostta05g03220	-0.829762955946941
ostta02g02090	-0.829878635112911
ostta01g05040	-0.830424429171186
ostta06g01350	-0.831741824875957
ostta02g02750	-0.832193766762878
ostta06g04080	-0.833756568998927
ostta06g03190	-0.833791532651539
ostta01g00040	-0.833958974624866
ostta07g01160	-0.834339672840985
ostta04g00400	-0.834518359135675
ostta01g05210	-0.834575653325787
ostta05g00630	-0.834901234628494
ostta09g01470	-0.83498514162254
ostta03g04760	-0.835037352175589
ostta10g01300	-0.835741910530566
ostta13g02270	-0.836215217167927
ostta11g00130	-0.837041268876614
ostta09g01090	-0.837190225958463
ostta17g02130	-0.839409111488136
ostta14g00300	-0.840613959104748
ostta15g02800	-0.842209920994361
ostta09g03450	-0.843140151805366
ostta05g03460	-0.843146706090788
ostta07g00070	-0.843657203300381
ostta18g01900	-0.843958171942202
ostta05g01120	-0.844768632252281
ostta14g01220	-0.844797544573659
ostta17g00580	-0.844870372128065
ostta01g01600	-0.845172323746143
ostta18g01860	-0.845529595743109
ostta07g02890	-0.845586940525047
ostta05g01200	-0.846457848870095
ostta05g00070	-0.846775724910396
ostta11g01880	-0.846936240811142
ostta09g00400	-0.849222204583939
ostta01g04350	-0.849326955255131
ostta05g04400	-0.849807338498604
ostta06g00880	-0.849913630722478
ostta11g01030	-0.850139386826604
ostta05g02390	-0.85121163779998
ostta11g00740	-0.851298464039809
ostta11g01310	-0.851310599777523
ostta13g01180	-0.851479149230972
ostta05g00130	-0.851805027783575
ostta01g02847	-0.852209106764487
ostta03g00770	-0.855875196330091
ostta15g01830	-0.858451380593102
ostta10g02190	-0.860069296828932
ostta09g04060	-0.860300757981893
ostta01g03970	-0.860355418623569
ostta01g02590	-0.860869206440934
ostta16g02250	-0.861579807519715
ostta11g00040	-0.862341096645482
ostta08g03090	-0.862416944457864
ostta12g00800	-0.862545132239454
ostta13g00320	-0.86275007355984
ostta06g03570	-0.863440844912433
ostta01g03080	-0.863852031857355
ostta02g04430	-0.865044175216944
ostta02g03090	-0.865545127071585
ostta16g02610	-0.865610768283198
ostta07g02240	-0.865744747782652
ostta05g00460	-0.867174016837132
ostta02g03990	-0.867473196631104
ostta06g02530	-0.86775913565662
ostta07g00820	-0.868341298600894
ostta15g01700	-0.86998899635787
ostta04g01250	-0.870183671037283
ostta14g00700	-0.8707694541485
ostta07g02040	-0.870882644816129
ostta06g03350	-0.870944206798821
ostta14g01140	-0.871700173842321
ostta10g03260	-0.871701937842038
ostta12g02520	-0.87171465431654
ostta09g01480	-0.874212133820378
ostta03g05320	-0.874411338040179
ostta08g01190	-0.875053372143369
ostta03g01300	-0.875120719842405
ostta01g04170	-0.875507703074143
ostta14g02710	-0.875744329256077
ostta13g02040	-0.876718291993332
ostta15g02450	-0.877500810952484
ostta12g02590	-0.878686688891613
ostta05g00520	-0.878813039400486
ostta09g03870	-0.879415485182765
ostta01g03030	-0.879586197088969
ostta11g01190	-0.879847202378309
ostta14g00840	-0.880995188687162
ostta07g02330	-0.882538229874031
ostta01g01510	-0.882643279252552
ostta15g00070	-0.882760914581969
ostta11g02090	-0.883938645174459
ostta02g01390	-0.884187656380595
ostta12g02400	-0.88523059665022
ostta07g03980	-0.889181916523853
ostta01g05470	-0.8899790694652
ostta10g00810	-0.891305219221335
ostta03g01820	-0.89140506287564
ostta07g00440	-0.891561970711995
ostta15g00030	-0.892789862739171
ostta18g01310	-0.894162966243406
ostta11g00950	-0.895686070881382
ostta06g04490	-0.896956421837071
ostta10g00230	-0.897888589189779
ostta11g01070	-0.898789461274102
ostta10g01680	-0.899090617011684
ostta02g01130	-0.901268239771167
ostta15g02560	-0.901290686712982
ostta13g02550	-0.902251240174033
ostta11g01110	-0.902706273944353
ostta11g01450	-0.905220610215401
ostta02g05070	-0.906259932605114
ostta13g01520	-0.908088584290146
ostta16g01910	-0.908206828705715
ostta10g01120	-0.90908856420451
ostta14g00055	-0.909154016738887
ostta10g01360	-0.913986696188438
ostta04g05050	-0.915080080897219
ostta02g00870	-0.915373916827942
ostta03g00400	-0.91779825922506
ostta02g04060	-0.918060429804349
ostta18g00470	-0.91826300814927
ostta03g04670	-0.918532077349784
ostta17g01790	-0.918796999749318
ostta05g03360	-0.919153766622937
ostta11g01210	-0.923300122461948
ostta11g02010	-0.924948963077728
ostta05g01600	-0.925716170673513
ostta04g01160	-0.927212658297946
ostta01g05450	-0.927843315560942
ostta13g00150	-0.928798448522372
ostta12g00140	-0.930312707717316
ostta03g04270	-0.930891117515117
ostta03g05390	-0.931551916276552
ostta02g01140	-0.931872469558604
ostta06g02080	-0.932969321661239
ostta15g00620	-0.934245294401921
ostta03g03090	-0.935081490974154
ostta11g01915	-0.935267226844377
ostta10g02570	-0.936283807188541
ostta05g00560	-0.936443887899231
ostta11g01640	-0.937997718498012
ostta03g03210	-0.938662952891584
ostta04g01330	-0.94208525008458
ostta02g04770	-0.943445896943115
ostta02g03980	-0.944454768962868
ostta12g02065	-0.944763517229893
ostta05g01290	-0.94686156136438
ostta17g00990	-0.948342510904947
ostta02g00580	-0.949055704781462
ostta06g01470	-0.949290947531492
ostta13g00820	-0.955516413036047
ostta14g01110	-0.956506468694662
ostta01g03070	-0.957103676423019
ostta16g01340	-0.957265095819438
ostta13g02850	-0.961871581091572
ostta11g02980	-0.961997594138585
ostta04g04740	-0.963032883835789
ostta12g02840	-0.963295464727455
ostta04g01380	-0.964201478732129
ostta02g03640	-0.967852563425374
ostta04g02500	-0.971470929800488
ostta06g00460	-0.974945330528762
ostta03g01670	-0.979127137136656
ostta10g01600	-0.982299572758207
ostta18g01070	-0.987243203754033
ostta15g01540	-0.991809047337345
